Category,Brand Name,Symbol,Label Name,Label Comp,D/P/M,Symbol Required?,Notes,KID,Expires,Group
Beer,Bear Beer,KF,Bear Beer 10%,,,No,,,,
Beer,Bear Beer,KF,Bear Beer 4.2%,,,No,,,,
Beer,Bear Beer,KF,Bear Beer 7.7%,,,No,,,,
Beer,Bear Beer,KF,Bear Beer 8.5%,,,No,,,,
Beer,Bear Beer,KF,Bear Beer Dark 5.3%,,,No,,,,
Beer,Bear Beer,KF,Bear Beer Dark Wheat 5.4%,,,No,,,,
Beer,Bear Beer,KF,Bear Beer Extra Strong 12%,,,No,,,,
Beer,Bear Beer,KF,Bear Beer Lager 5%,,,No,,,,
Beer,Bear Beer,KF,Bear Beer Strong Stout 8%,,,No,,,,
Beer,Bear Beer,KF,Bear Beer Wheat 5%,,,No,,,,
Beer,Bear Beer,KF,Burg Beer 5.5%,,,No,,,,
Beer,Bel Pils,KF,Bel Pils - Bottle/Keg - Belgium,,,No,,,,
Beer,Berliner,KF,Berliner Kindl Jubiläums Pilsener,,,No,,,,
Beer,Berliner,KF,Berliner Pilsner,,,No,,,,
Beer,Bolleke De Koninck,KF,Bolleke De Koninck - Bottle/Keg - Belgium,,,No,,,,
Beer,Boulevard,KF,Tank 7 - Bottle/Keg - Belgium,,,No,,,,
Beer,Brouwerij ’T IJ,KF,IJwit - Bottle/Keg - Belgium,,,No,,,,
Beer,Brouwerij ’T IJ,KF,tIJ IPA - Bottle/Keg - Belgium,,,No,,,,
Beer,Brouwerij ’T IJ,KF,Zatte - Bottle/Keg - Belgium,,,No,,,,
Beer,Budweiser,KF,Budweiser - Bottle/Can - Belgium + UK,,,No,,,,
Beer,Burg,KF,Burg Beer 4.4%,,,No,,,,
Beer,Burg,KF,Burg Extra Strong 12%,,,No,,,,
Beer,Burg,KF,Burg Strong 10%,,,No,,,,
Beer,Burg,KF,Burg Strong Lager Beer 8.5%,,,No,,,,
Beer,Burg,KF,Burg Wheat Beer 5%,,,No,,,,
Beer,Chouffe,KF,Cherry Chouffe - Bottle/Keg - Belgium,,,No,,,,
Beer,Chouffe,KF,Chouffe Soleil - Bottle/Keg - Belgium,,,No,,,,
Beer,Chouffe,KF,Houblon Chouffe - Bottle/Keg - Belgium,,,No,,,,
Beer,Chouffe,KF,La Chouffe - Bottle/Keg - Belgium,,,No,,,,
Beer,Chouffe,KF,Mc Chouffe - Bottle/Keg - Belgium,,,No,,,,
Beer,Chouffe,KF,N'ice Chouffe - Bottle/Keg - Belgium,,,No,,,,
Beer,Chouffe Bok,KF,Chouffe Bok - Bottle/Keg - Belgium,,,No,,,,
Beer,Corona,KF,Corona Extra - Belgium + UK,,,No,,,,
Beer,Darguner,KF,Darguner Bockbier Dunkel 7%,,,No,,,,
Beer,Darguner,KF,Darguner Dunkel 5.2%,,,No,,,,
Beer,Darguner,KF,Darguner Ernte Beer 4.9%,,,No,,,,
Beer,Darguner,KF,Darguner Export 5.2%,,,No,,,,
Beer,Darguner,KF,Darguner Extra Strong 12%,,,No,,,,
Beer,Darguner,KF,Darguner Hell 4.9%,,,No,,,,
Beer,Darguner,KF,Darguner Maibock Hell 7.5%,,,No,,,,
Beer,Darguner,KF,Darguner Oktober-beer 4.9%,,,No,,,,
Beer,Darguner,KF,Darguner Osterbeer 5.6%,,,No,,,,
Beer,Darguner,KF,Darguner Pilsener 5%,,,No,,,,
Beer,Darguner,KF,Darguner Weissbeer 5.1%,,,No,,,,
Beer,De Koninck,KF,De Koninck Winter Beer - Bottle/Keg - Belgium,,,No,,,,
Beer,De Koninck,KF,Lost In Spice - Bottle/Keg - Belgium,,,No,,,,
Beer,De Koninck,KF,Tripel d'Anvers - Bottle/Keg - Belgium,,,No,,,,
Beer,De Koninck,KF,Wild Jo - Bottle/Keg - Belgium,,,No,,,,
Beer,Duvel,KF,Duvel Barrel Aged - Bottle/Keg - Belgium,,,No,,,,
Beer,Duvel,KF,Duvel Beer - Bottle/Keg - Belgium,,,No,,,,
Beer,Duvel,KF,Duvel Magritte - Bottle/Keg - Belgium,,,No,,,,
Beer,Duvel,KF,Duvel Single/Green - Bottle/Keg - Belgium,,,No,,,,
Beer,Duvel,KF,Duvel Tripel Hop - Bottle/Keg - Belgium,,,No,,,,
Beer,Guinness,KF,Guinness Beer - Ireland,,,No,,,,
Beer,Guinness,KF,Guinness Draught - Ireland,,,No,,,,
Beer,Guinness,KF,Guinness Extra Stout - Ireland,,,No,,,,
Beer,Guinness,KF,Guinness Micro Draught - Ireland,,,No,,,,
Beer,Harboe,KF,Harboe Dark 5.2%,,,No,,,,
Beer,Harboe,KF,Harboe Extra Strong 12%,,,No,,,,
Beer,Harboe,KF,Harboe Gold 5.9%,,,No,,,,
Beer,Harboe,KF,Harboe Pilsener 4.6%,,,No,,,,
Beer,Harboe,KF,Harboe Pilsener 5%,,,No,,,,
Beer,Harboe,KF,Harboe Wheat Beer 5%,,,No,,,,
Beer,Hoegaarden,KF,Hoegaarden Forbidden Fruit - Belgium,,,No,,,,
Beer,Hoegaarden,KF,Hoegaarden Grand Cru - Belgium,,,No,,,,
Beer,Hoegaarden,KF,Hoegaarden White - Belgium,,,No,Hoegaarden White 00 is not certified.,,,
Beer,Leffe,KF,Leffe blond - Belgium,,,Yes,,,,
Beer,Leffe,KF,Leffe brown - Belgium,,,Yes,,,,
Beer,Leffe,KF,Leffe radieuse - Belgium,,,Yes,,,,
Beer,Leffe,KF,Leffe rousse (rossa) - Belgium,,,Yes,,,,
Beer,Leffe,KF,Leffe royal ambrée (mount hood) - Belgium,,,Yes,,,,
Beer,Leffe,KF,Leffe royal blonde (whitbread golding) - Belgium,,,Yes,,,,
Beer,Leffe,KF,Leffe royal ipa (cascade) - Belgium,,,Yes,,,,
Beer,Leffe,KF,Leffe ruby - Belgium,,,Yes,,,,
Beer,Leffe,KF,Leffe vieille cuvée - Belgium,,,Yes,,,,
Beer,Liefmans,KF,Liefmans Cuvee Brut - Bottle/Keg - Belgium,,,No,,,,
Beer,Liefmans,KF,Liefmans Fruitesse - Bottle/Keg - Belgium,,,No,,,,
Beer,Liefmans,KF,Liefmans Fruitesse Alcoholfree Beer - Bottle/Keg - Belgium,,,No,,,,
Beer,Liefmans,KF,Liefmans Gluhkriek - Bottle/Keg - Belgium,,,No,,,,
Beer,Liefmans,KF,Liefmans Goudenband - Bottle/Keg - Belgium,,,No,,,,
Beer,Liefmans,KF,Liefmans Green Apple - Bottle/Keg - Belgium,,,No,,,,
Beer,Liefmans,KF,Liefmans Kriek Brut - Bottle/Keg - Belgium,,,No,,,,
Beer,Liefmans,KF,Liefmans Kriek Brut Xtra - Bottle/Keg - Belgium,,,No,,,,
Beer,Liefmans,KF,Liefmans Oud Bruin - Bottle/Keg - Belgium,,,No,,,,
Beer,Liefmans,KF,Liefmans Peach - Bottle/Keg - Belgium,,,No,,,,
Beer,Liefmans,KF,Liefmans Yell'oh - Bottle/Keg - Belgium,,,No,,,,
Beer,Maredsous,KF,Maredsous Blond - Bottle/Keg - Belgium,,,No,,,,
Beer,Maredsous,KF,Maredsous Bruin - Bottle/Keg - Belgium,,,No,,,,
Beer,Maredsous,KF,Maredsous Kerstbier - Bottle/Keg - Belgium,,,No,,,,
Beer,Maredsous,KF,Maredsous Tripel - Bottle/Keg - Belgium,,,No,,,,
Beer,Martens,KF,Martens Gold beer - Belgium,,,No,,,,
Beer,Martens,KF,Martens Premium beer - Belgium,,,No,,,,
Beer,Martens,KF,Martens Strong beer - Belgium,,,No,,,,
Beer,Martens,KF,Martens Witte - Belgium,,,No,,,,
Beer,Mecklenburger,KF,Mecklenburger Dunkle Weissbeer 5.4%,,,No,,,,
Beer,Mecklenburger,KF,Mecklenburger Export 5.2%,,,No,,,,
Beer,Mecklenburger,KF,Mecklenburger Pilsener 5%,,,No,,,,
Beer,Mecklenburger,KF,Mecklenburger Strong 12%,,,No,,,,
Beer,Mecklenburger,KF,"Mecklenburger Weissbeer 5,1%",,,No,,,,
Beer,Oettinger,KF,Oettinger Alkoholfrei – Oettinger Alcohol Free Beer - Germany,,,No,,,,
Beer,Oettinger,KF,Oettinger Export - Germany,,,No,,,,
Beer,Oettinger,KF,Oettinger Pils - Germany,,,No,,,,
Beer,Oettinger,KF,Oettinger Superforte – Oettinger Strong Beer - Germany,,,No,,,,
Beer,Oettinger,KF,Oettinger Weissbier Naturtrüb – Oettinger Wheat Beer - Germany,,,No,,,,
Beer,Ommegang,KF,Kriek Rosetta - Bottle/Keg - Belgium,,,No,,,,
Beer,Ommegang,KF,Ommegang Brunetta - Bottle/Keg - Belgium,,,No,,,,
Beer,Ommegang,KF,Ommegang Pale Sour - Bottle/Keg - Belgium,,,No,,,,
Beer,Radeberger,KF,"Radeberger Pilsner 4,8%",,,No,,,,
Beer,Stella Artois,KF,Stella Artois - Belgium + UK,,,Yes,,,,
Beer,Vedett,KF,Vedett Extra Elderflower - Bottle/Keg - Belgium,,,No,,,,
Beer,Vedett,KF,Vedett Extra IPA - Bottle/Keg - Belgium,,,No,,,,
Beer,Vedett,KF,Vedett Extra Rosé - Bottle/Keg - Belgium,,,No,,,,
Beer,Vedett,KF,Vedett Extra Sapphire - Bottle/Keg - Belgium,,,No,,,,
Beer,Vedett,KF,Vedett Extra White - Bottle/Keg - Belgium,,,No,,,,
Beer,Vedett,KF,Vedett Session IPA - Bottle/Keg - Belgium,,,No,,,,
Beer,Vedett,KF,Vedett White - Bottle/Keg - Belgium,,,No,,,,
Beer,Viking,KF,Viking Strong Beer 12%,,,No,,,,
Beer,,OK,Corona Cerveza,Cerveceria Modelo S. de R.L. de C.V,,,,WVJDLML,,
Beer,,OK,Corona Extra,Cerveceria Modelo S. de R.L. de C.V,,,,FWQPXHC,,
Beer,,OK,Corona Light,Cerveceria Modelo S. de R.L. de C.V,,,,GFDXKNP,,
Beer,,OK,Coronita Cerveza,Cerveceria Modelo S. de R.L. de C.V,,,,QCZDGGL,,
Beer,,OK,Coronita Extra,Cerveceria Modelo S. de R.L. de C.V,,,,ZWDVZWH,,
Beer,,OK,Leon,Cerveceria Modelo S. de R.L. de C.V,,,,XWRRPRG,,
Beer,,OK,Modelo Especial,Cerveceria Modelo S. de R.L. de C.V,,,,QXJZMPB,,
Beer,,OK,Montejo,Cerveceria Modelo S. de R.L. de C.V,,,,RVJVSBK,,
Beer,,OK,Negra Modelo Beer,Cerveceria Modelo S. de R.L. de C.V,,,,ZZSTVRW,,
Beer,,OK,Victoria,Cerveceria Modelo S. de R.L. de C.V,,,,ZZQZZPP,,
Beer,,OK,Corona Extra,"Compañía Cervecera de Zacatecas, S. de R.L. de C.V.",,,,XBXVSLD,,
Beer,,OK,Corona Light,"Compañía Cervecera de Zacatecas, S. de R.L. de C.V.",,,,CJPJSCP,,
Beer,,OK,Coronita Extra,"Compañía Cervecera de Zacatecas, S. de R.L. de C.V.",,,,GMRZQKV,,
Beer,,OK,Modelo Especial,"Compañía Cervecera de Zacatecas, S. de R.L. de C.V.",,,,WNXQSGN,,
Beer,,OK,Montejo,"Compañía Cervecera de Zacatecas, S. de R.L. de C.V.",,,,VQCGMKV,,
Beer,,OK,Estrella,"Compañía Cervecera de Zacatecas, S. de R.L. de C.V.",,,,PGJBRMS,,
Beer,,OK,Negra Modelo,"Compañía Cervecera de Zacatecas, S. de R.L. de C.V.",,,,XLJMCXZ,,
Beer,,OK,Pacifico,"Compañía Cervecera de Zacatecas, S. de R.L. de C.V.",,,,SGHFRTX,,
Beer,,OK,Corona Cerveza,"Compañía Cervecera del Tropico, S. de R.L. de C.V.",,,,PQLGSDG,,
Beer,,OK,Corona Extra,"Compañía Cervecera del Tropico, S. de R.L. de C.V.",,,,LHSLXVC,,
Beer,,OK,Corona Light,"Compañía Cervecera del Tropico, S. de R.L. de C.V.",,,,JGCWJVJ,,
Beer,,OK,Coronita Cerveza,"Compañía Cervecera del Tropico, S. de R.L. de C.V.",,,,GBDMJNN,,
Beer,,OK,Coronita Extra,"Compañía Cervecera del Tropico, S. de R.L. de C.V.",,,,CSGPLGV,,
Beer,,OK,Leon,"Compañía Cervecera del Tropico, S. de R.L. de C.V.",,,,RGFLCSJ,,
Beer,,OK,Modelo Especial,"Compañía Cervecera del Tropico, S. de R.L. de C.V.",,,,GVSMTCD,,
Beer,,OK,Montejo,"Compañía Cervecera del Tropico, S. de R.L. de C.V.",,,,GKWTRWB,,
Beer,,OK,Negra Modelo Beer,"Compañía Cervecera del Tropico, S. de R.L. de C.V.",,,,TCQZMGZ,,
Beer,,OK,Modelo Light,"Compañía Cervecera del Tropico, S. de R.L. de C.V.",,,,TMHTTSD,,
Beer,,OK,Pacifico Clara,"Compañía Cervecera del Tropico, S. de R.L. de C.V.",,,,QZFFBMV,,
Beer,,OK,Victoria,"Compañía Cervecera del Tropico, S. de R.L. de C.V.",,,,LLFQXPH,,
Beer,,OK,Schnitt Beer - Jaffa IPA,Beerternational LLC,,,,MDHTHNT,,
Beer,,OK,Schnitt Beer - Tel Aviv Summer Ale,Beerternational LLC,,,,GWMPPWC,,
Beer,,OK,Malty Beer,Israel Beer Breweries Ltd.,,,,WTJFHWG,,
Beer,,OK,Alcoholfree Beer,Pecsi Sorfozde Zrt.,,,,HCZWVCT,,
Beer,,OK,APA Beer,Pecsi Sorfozde Zrt.,,,,LDJCVPX,,
Beer,,OK,Beerhunter Organic Gluten-free Lager,Pecsi Sorfozde Zrt.,,,,MHJFNVG,,
Beer,,OK,Beerhunter Organic IPA,Pecsi Sorfozde Zrt.,,,,JRXDGVK,,
Beer,,OK,Bio Pécsi Prémium Gluténmentes Lager,Pecsi Sorfozde Zrt.,,,,GTZBQGN,,
Beer,,OK,Bio Pécsi Prémium IPA,Pecsi Sorfozde Zrt.,,,,TKKMVVC,,
Beer,,OK,Bio Pécsi Prémium Pale Ale,Pecsi Sorfozde Zrt.,,,,ZSHBBLZ,,
Beer,,OK,Bio Pécsi Prémium Weissbier,Pecsi Sorfozde Zrt.,,,,XTSGPJH,,
Beer,,OK,Bio Winter Bock,Pecsi Sorfozde Zrt.,,,,TXFHLWQ,,
Beer,,OK,Dark Beer,Pecsi Sorfozde Zrt.,,,,GXQJVXD,,
Beer,,OK,Gluten-Free Lager Beer,Pecsi Sorfozde Zrt.,,,,FGLJZFM,,
Beer,,OK,Három Királyok,Pecsi Sorfozde Zrt.,,,,TCRLPRM,,
Beer,,OK,Hirschfeld Original Alcoholfree,Pecsi Sorfozde Zrt.,,,,GZBXRSV,,
Beer,,OK,Hirschfeld Original Amber,Pecsi Sorfozde Zrt.,,,,RXTSMZL,,
Beer,,OK,Hirschfeld Original Amber Gluten-free,Pecsi Sorfozde Zrt.,,,,WWXMSND,,
Beer,,OK,Hirschfeld Original APA,Pecsi Sorfozde Zrt.,,,,DBJBXPJ,,
Beer,,OK,Hirschfeld Original Bock,Pecsi Sorfozde Zrt.,,,,NJLDBXN,,
Beer,,OK,Hirschfeld Original Gold,Pecsi Sorfozde Zrt.,,,,MDSJKVF,,
Beer,,OK,Hirschfeld Original IPA,Pecsi Sorfozde Zrt.,,,,HJBZCMS,,
Beer,,OK,Hirschfeld Original Pale Ale,Pecsi Sorfozde Zrt.,,,,PJJWBGZ,,
Beer,,OK,Hirschfeld Original Porter,Pecsi Sorfozde Zrt.,,,,XCSBCCX,,
Beer,,OK,Hirschfeld Original Stout,Pecsi Sorfozde Zrt.,,,,HSQRFPK,,
Beer,,OK,Hirschfeld Original Weissbier,Pecsi Sorfozde Zrt.,,,,JBGDCHS,,
Beer,,OK,Hirschfeld Original Weissbier Gluten-free,Pecsi Sorfozde Zrt.,,,,ZVZXWTD,,
Beer,,OK,Hirschfeld Original Wheat,Pecsi Sorfozde Zrt.,,,,RJRMKMB,,
Beer,,OK,Hirschfeld Original Wheat Alcoholfree,Pecsi Sorfozde Zrt.,,,,DVDBSMG,,
Beer,,OK,Hirschfeld Original Wheat Gluten-free,Pecsi Sorfozde Zrt.,,,,WRFSWDV,,
Beer,,OK,Hirschfeld Original Winter Bock,Pecsi Sorfozde Zrt.,,,,JHFHPHG,,
Beer,,OK,Organic Lager Beer,Pecsi Sorfozde Zrt.,,,,QGZLNSP,,
Beer,,OK,Organic Pale Ale,Pecsi Sorfozde Zrt.,,,,GMVFJFB,,
Beer,,OK,Organic Wheat Beer,Pecsi Sorfozde Zrt.,,,,XMGVMBC,,
Beer,,OK,Pale Lager Beer,Pecsi Sorfozde Zrt.,,,,JPDLSMQ,,
Beer,,OK,Pécsi Craft APA,Pecsi Sorfozde Zrt.,,,,JNBGCTF,,
Beer,,OK,Pécsi Prémium Barna,Pecsi Sorfozde Zrt.,,,,XHVLFLZ,,
Beer,,OK,Pécsi Prémium Búza Sz?retlen,Pecsi Sorfozde Zrt.,,,,HKLZMMS,,
Beer,,OK,Pécsi Prémium IPA,Pecsi Sorfozde Zrt.,,,,NMRRRKN,,
Beer,,OK,Pécsi Prémium Lager,Pecsi Sorfozde Zrt.,,,,JFBXBMB,,
Beer,,OK,Pécsi Prémium Lager Gluténmentes,Pecsi Sorfozde Zrt.,,,,ZPNMBMR,,
Beer,,OK,Pécsi Prémium Pils,Pecsi Sorfozde Zrt.,,,,GXFPTRV,,
Beer,,OK,Pécsi Prémium Pils Sz?retlen,Pecsi Sorfozde Zrt.,,,,XDGCKGZ,,
Beer,,OK,Pécsi Világos,Pecsi Sorfozde Zrt.,,,,FPHVDNG,,
Beer,,OK,Pécsi Winter Bock,Pecsi Sorfozde Zrt.,,,,NLSKBVD,,
Beer,,OK,Premium Lager Beer,Pecsi Sorfozde Zrt.,,,,VSJJLCQ,,
Beer,,OK,SM Beer,Pecsi Sorfozde Zrt.,,,,FGHRVKB,,
Beer,,OK,Szalon,Pecsi Sorfozde Zrt.,,,,DDBRHKN,,
Beer,,OK,Szalon Alkoholmentes,Pecsi Sorfozde Zrt.,,,,VRDHQCP,,
Beer,,OK,Wheat Beer,Pecsi Sorfozde Zrt.,,,,DFQLFGZ,,
Beer,,OK,Winter Beer,Pecsi Sorfozde Zrt.,,,,WRLZXWB,,
Beer,,OK,Scotish Ale - Wee Laddie 5.5% Vol.,Promised Land Spirits Ltd.,,,,PCFKKHG,,
Beer,,OK,The Hop Guru Beer,Promised Land Spirits Ltd.,,,,QMQDPKP,,
Beer,,OK,The Red Knight Beer,Promised Land Spirits Ltd.,,,,DSJWFXK,,
Beer,,OK,Red Stripe Beer,Tempo Beverages Ltd.,,,,QPVRRXT,,
Beer,AC Golden,OU,Batch 19,MolsonCoors Beverage Company,Pareve,,,,,
Beer,AC Golden,OU,All The Juice,MolsonCoors Beverage Company,Pareve,,,,,
Beer,AC Golden,OU,Orange Haze,MolsonCoors Beverage Company,Pareve,,,,,
Beer,AC Golden,OU,Sneaky 8,MolsonCoors Beverage Company,Pareve,,,,,
Beer,AC Golden,OU,Cold Crush Crispy Lager,MolsonCoors Beverage Company,Pareve,,,,,
Beer,AC Golden,OU,ACG McMango Face,MolsonCoors Beverage Company,Pareve,,,,,
Beer,Aspen Edge,OU,Lager,MolsonCoors Beverage Company,Pareve,,,,,
Beer,Big Eddy,OU,Russian Imperial Stout,MolsonCoors Beverage Company,Pareve,,,,,
Beer,Big Eddy,OU,Cherry Doppelschwarz,MolsonCoors Beverage Company,Pareve,,,,,
Beer,Big Eddy,OU,Royal Nektar,MolsonCoors Beverage Company,Pareve,,,,,
Beer,Big Eddy,OU,Ryewine Ale,MolsonCoors Beverage Company,Pareve,,,,,
Beer,Big Eddy,OU,Über-Oktoberfest,MolsonCoors Beverage Company,Pareve,,,,,
Beer,Blue Moon,OU,Pome Table Beer,MolsonCoors Beverage Company,Pareve,,,,,
Beer,Blue Moon,OU,Ale-Belgian White,MolsonCoors Beverage Company,Pareve,,,,,
Beer,Blue Moon,OU,Belgian White Ale,MolsonCoors Beverage Company,Pareve,,,,,
Beer,Blue Moon,OU,Oktoberfest ,MolsonCoors Beverage Company,Pareve,,,,,
Beer,Blue Moon,OU,Blackberry Tart Ale,MolsonCoors Beverage Company,Pareve,,,,,
Beer,Blue Moon,OU,Gingerbread Spiced Ale,MolsonCoors Beverage Company,Pareve,,,,,
Beer,Blue Moon,OU,Cinnamon Horchata,MolsonCoors Beverage Company,Pareve,,,,,
Beer,Blue Moon,OU,Grapefruit Shandy,MolsonCoors Beverage Company,Pareve,,,,,
Beer,Blue Moon,OU,Mango Wheat,MolsonCoors Beverage Company,Pareve,,,,,
Beer,Blue Moon,OU,Harvest Pumpkin Ale,MolsonCoors Beverage Company,Pareve,,,,,
Beer,Blue Moon,OU,Pacific Apricot Wheat,MolsonCoors Beverage Company,Pareve,,,,,
Beer,Blue Moon,OU,Blue Moon Winter Wheat,MolsonCoors Beverage Company,Pareve,,,,,
Beer,Blue Moon,OU,1st Peach Wheat,MolsonCoors Beverage Company,Pareve,,,,,
Beer,Blue Moon,OU,5 Alive IPA,MolsonCoors Beverage Company,Pareve,,,,,
Beer,Blue Moon,OU,Banana Porter,MolsonCoors Beverage Company,Pareve,,,,,
Beer,Blue Moon,OU,Barrel Aged Strawberry Dopplebock,MolsonCoors Beverage Company,Pareve,,,,,
Beer,Blue Moon,OU,Beckenbauer German Export Lager,MolsonCoors Beverage Company,Pareve,,,,,
Beer,Blue Moon,OU,Azaca Brut IPA,MolsonCoors Beverage Company,Pareve,,,,,
Beer,Blue Moon,OU,Blood Orange Pale Ale,MolsonCoors Beverage Company,Pareve,,,,,
Beer,Blue Moon,OU,Blue Baer,MolsonCoors Beverage Company,Pareve,,,,,
Beer,Blue Moon,OU,Blueberry Berliner,MolsonCoors Beverage Company,Pareve,,,,,
Beer,Blue Moon,OU,Champagne Moon,MolsonCoors Beverage Company,Pareve,,,,,
Beer,Blue Moon,OU,Chile Golden Ale,MolsonCoors Beverage Company,Pareve,,,,,
Beer,Blue Moon,OU,Cranberry Lavender Blonde,MolsonCoors Beverage Company,Pareve,,,,,
Beer,Blue Moon,OU,Crazy Hazy IPA,MolsonCoors Beverage Company,Pareve,,,,,
Beer,Blue Moon,OU,“Luman-ation” Espresso Stout,MolsonCoors Beverage Company,Pareve,,,,,
Beer,Blue Moon,OU,Dortmunder,MolsonCoors Beverage Company,Pareve,,,,,
Beer,Blue Moon,OU,Galaxy Pale Ale,MolsonCoors Beverage Company,Pareve,,,,,
Beer,Blue Moon,OU,German Kolsch IPA,MolsonCoors Beverage Company,Pareve,,,,,
Beer,Blue Moon,OU,Grapefruit Double IPA,MolsonCoors Beverage Company,Pareve,,,,,
Beer,Blue Moon,OU,Imperial Mexican Chocolate,MolsonCoors Beverage Company,Pareve,,,,,
Beer,Blue Moon,OU,IPA,MolsonCoors Beverage Company,Pareve,,,,,
Beer,Blue Moon,OU,Irish Heather Mild,MolsonCoors Beverage Company,Pareve,,,,,
Beer,Blue Moon,OU,Kolsch-Style Ale,MolsonCoors Beverage Company,Pareve,,,,,
Beer,Blue Moon,OU,Lemondrop Pils,MolsonCoors Beverage Company,Pareve,,,,,
Beer,Blue Moon,OU,London Fog English Mild,MolsonCoors Beverage Company,Pareve,,,,,
Beer,Blue Moon,OU,Mexican-Style Chocolate Ale,MolsonCoors Beverage Company,Pareve,,,,,
Beer,Blue Moon,OU,Minor League IPA,MolsonCoors Beverage Company,Pareve,,,,,
Beer,Blue Moon,OU,Mojito Blonde,MolsonCoors Beverage Company,Pareve,,,,,
Beer,Blue Moon,OU,Nut Brown,MolsonCoors Beverage Company,Pareve,,,,,
Beer,Blue Moon,OU,Orange Blossom Kolsch,MolsonCoors Beverage Company,Pareve,,,,,
Beer,Blue Moon,OU,Pale Moon,MolsonCoors Beverage Company,Pareve,,,,,
Beer,Blue Moon,OU,Pink Lemonade,MolsonCoors Beverage Company,Pareve,,,,,
Beer,Blue Moon,OU,Pink Peppercorn Citrus Pale,MolsonCoors Beverage Company,Pareve,,,,,
Beer,Blue Moon,OU,Powder Moon,MolsonCoors Beverage Company,Pareve,,,,,
Beer,Blue Moon,OU,Raisin Bread Alt,MolsonCoors Beverage Company,Pareve,,,,,
Beer,Blue Moon,OU,Raspberry Berliner,MolsonCoors Beverage Company,Pareve,,,,,
Beer,Blue Moon,OU,Saigon Saison,MolsonCoors Beverage Company,Pareve,,,,,
Beer,Blue Moon,OU,Saison-Style Ale,MolsonCoors Beverage Company,Pareve,,,,,
Beer,Blue Moon,OU,Sergeant of Waterloo,MolsonCoors Beverage Company,Pareve,,,,,
Beer,Blue Moon,OU,Session India Pale Lager,MolsonCoors Beverage Company,Pareve,,,,,
Beer,Blue Moon,OU,SMASH Calypso,MolsonCoors Beverage Company,Pareve,,,,,
Beer,Blue Moon,OU,Southern Sweet Tea,MolsonCoors Beverage Company,Pareve,,,,,
Beer,Blue Moon,OU,Spiced Abbey Ale,MolsonCoors Beverage Company,Pareve,,,,,
Beer,Blue Moon,OU,Stone Fruit IPA,MolsonCoors Beverage Company,Pareve,,,,,
Beer,Blue Moon,OU,Straw Jala,MolsonCoors Beverage Company,Pareve,,,,,
Beer,Blue Moon,OU,Strawberry Rhubarb,MolsonCoors Beverage Company,Pareve,,,,,
Beer,Blue Moon,OU,Sweet Heat ,MolsonCoors Beverage Company,Pareve,,,,,
Beer,Blue Moon,OU,Tangerillo IPA,MolsonCoors Beverage Company,Pareve,,,,,
Beer,Blue Moon,OU,Tropical Fruit Cart Sour,MolsonCoors Beverage Company,Pareve,,,,,
Beer,Blue Moon,OU,Tropical Tripel,MolsonCoors Beverage Company,Pareve,,,,,
Beer,Blue Moon,OU,Vienna,MolsonCoors Beverage Company,Pareve,,,,,
Beer,Blue Moon,OU,Watermelon Hefeweizen,MolsonCoors Beverage Company,Pareve,,,,,
Beer,Blue Moon,OU,White Hot Wit,MolsonCoors Beverage Company,Pareve,,,,,
Beer,Blue Moon,OU,Cancer Can Go To Helles,MolsonCoors Beverage Company,Pareve,,,,,
Beer,Blue Moon,OU,Chardonnay All Day,MolsonCoors Beverage Company,Pareve,,,,,
Beer,Blue Moon,OU,Foudre Baere,MolsonCoors Beverage Company,Pareve,,,,,
Beer,Blue Moon,OU,Fresh Hop Hefe,MolsonCoors Beverage Company,Pareve,,,,,
Beer,Blue Moon,OU,Hasselhoff,MolsonCoors Beverage Company,Pareve,,,,,
Beer,Blue Moon,OU,Mexican Mocha,MolsonCoors Beverage Company,Pareve,,,,,
Beer,Blue Moon,OU,Poor Man's Sushi,MolsonCoors Beverage Company,Pareve,,,,,
Beer,Blue Moon,OU,Suerte Barrel aged Mexican Tripel,MolsonCoors Beverage Company,Pareve,,,,,
Beer,Blue Moon,OU,Dirty Banana,MolsonCoors Beverage Company,Pareve,,,,,
Beer,Blue Moon,OU,Down to Earth IPA,MolsonCoors Beverage Company,Pareve,,,,,
Beer,Blue Moon,OU,Grape Ape IPA,MolsonCoors Beverage Company,Pareve,,,,,
Beer,Blue Moon,OU,Mulled Kolsch,MolsonCoors Beverage Company,Pareve,,,,,
Beer,Blue Moon,OU,Octo-Pepper Fest,MolsonCoors Beverage Company,Pareve,,,,,
Beer,Blue Moon,OU,Summer Sour,MolsonCoors Beverage Company,Pareve,,,,,
Beer,Blue Moon,OU,Tender Bock,MolsonCoors Beverage Company,Pareve,,,,,
Beer,Blue Moon,OU,Tropical IPA,MolsonCoors Beverage Company,Pareve,,,,,
Beer,Blue Moon,OU,Watermelon Tajin,MolsonCoors Beverage Company,Pareve,,,,,
Beer,Blue Moon,OU,What A Hitter,MolsonCoors Beverage Company,Pareve,,,,,
Beer,Blue Moon,OU,Colorado Brut IPA,MolsonCoors Beverage Company,Pareve,,,,,
Beer,Blue Moon,OU,Orange you Glad It's An IPA,MolsonCoors Beverage Company,Pareve,,,,,
Beer,Blue Moon,OU,Uber Dunkel,MolsonCoors Beverage Company,Pareve,,,,,
Beer,Blue Moon,OU,Iced Coffee Blonde,MolsonCoors Beverage Company,Pareve,,,,,
Beer,Blue Moon,OU,Mexican Lager,MolsonCoors Beverage Company,Pareve,,,,,
Beer,Blue Moon,OU,White IPA,MolsonCoors Beverage Company,Pareve,,,,,
Beer,Blue Moon,OU,Belgian White Ale,MolsonCoors Beverage Company,Pareve,,,,,
Beer,Blue Moon,OU,2nd Anniversary Blend,MolsonCoors Beverage Company,Pareve,,,,,
Beer,Blue Moon,OU,Birthday Cake Barleywine,MolsonCoors Beverage Company,Pareve,,,,,
Beer,Blue Moon,OU,Prickly Pear Hefe,MolsonCoors Beverage Company,Pareve,,,,,
Beer,Blue Moon,OU,Smoked Pale,MolsonCoors Beverage Company,Pareve,,,,,
Beer,Blue Moon,OU,Strawberry Rhubarb Pie,MolsonCoors Beverage Company,Pareve,,,,,
Beer,Blue Moon,OU,Batch 19,MolsonCoors Beverage Company,Pareve,,,,,
Beer,Blue Moon,OU,Light Sky,MolsonCoors Beverage Company,Pareve,,,,,
Beer,Blue Moon,OU,Artisan Ale,MolsonCoors Beverage Company,Pareve,,,,,
Beer,Blue Moon,OU,Czech Dark Lager,MolsonCoors Beverage Company,Pareve,,,,,
Beer,Blue Moon,OU,Fresh Hop Rye Pale Ale,MolsonCoors Beverage Company,Pareve,,,,,
Beer,Blue Moon,OU,Moon Haze IPA,MolsonCoors Beverage Company,Pareve,,,,,
Beer,Blue Moon,OU,Blackberry Vienna,MolsonCoors Beverage Company,Pareve,,,,,
Beer,Blue Moon,OU,Blood Orange Moon,MolsonCoors Beverage Company,Pareve,,,,,
Beer,Blue Moon,OU,Boho Dark Lager,MolsonCoors Beverage Company,Pareve,,,,,
Beer,Blue Moon,OU,Carrot Orange Lager,MolsonCoors Beverage Company,Pareve,,,,,
Beer,Blue Moon,OU,CL Smoothie,MolsonCoors Beverage Company,Pareve,,,,,
Beer,Blue Moon,OU,Crikey Australian IPA,MolsonCoors Beverage Company,Pareve,,,,,
Beer,Blue Moon,OU,Eclipse Pilsner,MolsonCoors Beverage Company,Pareve,,,,,
Beer,Blue Moon,OU,El Dorado IPA for Haas,MolsonCoors Beverage Company,Pareve,,,,,
Beer,Blue Moon,OU,Extra Bases ESB,MolsonCoors Beverage Company,Pareve,,,,,
Beer,Blue Moon,OU,Garam Masala Blonde,MolsonCoors Beverage Company,Pareve,,,,,
Beer,Blue Moon,OU,Ghost Spider Pineapple Pepper Ale,MolsonCoors Beverage Company,Pareve,,,,,
Beer,Blue Moon,OU,Grapefruit Hefe,MolsonCoors Beverage Company,Pareve,,,,,
Beer,Blue Moon,OU,Kiwi Guava Pale Ale,MolsonCoors Beverage Company,Pareve,,,,,
Beer,Blue Moon,OU,Lemon Wit,MolsonCoors Beverage Company,Pareve,,,,,
Beer,Blue Moon,OU,Memorial Day IPL,MolsonCoors Beverage Company,Pareve,,,,,
Beer,Blue Moon,OU,Non PiNary,MolsonCoors Beverage Company,Pareve,,,,,
Beer,Blue Moon,OU,Orange Dream Wheat,MolsonCoors Beverage Company,Pareve,,,,,
Beer,Blue Moon,OU,Out Loud,MolsonCoors Beverage Company,Pareve,,,,,
Beer,Blue Moon,OU,Paloma Lager,MolsonCoors Beverage Company,Pareve,,,,,
Beer,Blue Moon,OU,Passionfruit Plantain,MolsonCoors Beverage Company,Pareve,,,,,
Beer,Blue Moon,OU,Pineapple Turmeric,MolsonCoors Beverage Company,Pareve,,,,,
Beer,Blue Moon,OU,Rightfield Red,MolsonCoors Beverage Company,Pareve,,,,,
Beer,Blue Moon,OU,"Something Old, New, Borrowed, and Blue",MolsonCoors Beverage Company,Pareve,,,,,
Beer,Blue Moon,OU,Yuzu Lager,MolsonCoors Beverage Company,Pareve,,,,,
Beer,Blue Moon,OU,Belly Slide,MolsonCoors Beverage Company,Pareve,,,,,
Beer,Blue Moon,OU,Eclipse Sips,MolsonCoors Beverage Company,Pareve,,,,,
Beer,Blue Moon ,OU,Belgian White RiNo,MolsonCoors Beverage Company,Pareve,,,,,
Beer,Blue Moon ,OU,RiNo,MolsonCoors Beverage Company,Pareve,,,,,
Beer,Blue Moon ,OU,RiNo Amarillo Pale,MolsonCoors Beverage Company,Pareve,,,,,
Beer,Blue Moon ,OU,RiNo Apricot Cardamom,MolsonCoors Beverage Company,Pareve,,,,,
Beer,Blue Moon ,OU,RiNo Belgian Golden Strong Ale,MolsonCoors Beverage Company,Pareve,,,,,
Beer,Blue Moon ,OU,RiNo Belly Slide,MolsonCoors Beverage Company,Pareve,,,,,
Beer,Blue Moon ,OU,RiNo Black IPA,MolsonCoors Beverage Company,Pareve,,,,,
Beer,Blue Moon ,OU,RiNo Bock,MolsonCoors Beverage Company,Pareve,,,,,
Beer,Blue Moon ,OU,RiNo Brown,MolsonCoors Beverage Company,Pareve,,,,,
Beer,Blue Moon ,OU,RiNo CHIMP,MolsonCoors Beverage Company,Pareve,,,,,
Beer,Blue Moon ,OU,RiNo Cocoa Brown,MolsonCoors Beverage Company,Pareve,,,,,
Beer,Blue Moon ,OU,RiNo Dunkle,MolsonCoors Beverage Company,Pareve,,,,,
Beer,Blue Moon ,OU,RiNo English Amber,MolsonCoors Beverage Company,Pareve,,,,,
Beer,Blue Moon ,OU,RiNo ESB,MolsonCoors Beverage Company,Pareve,,,,,
Beer,Blue Moon ,OU,RiNo Fig and Honey,MolsonCoors Beverage Company,Pareve,,,,,
Beer,Blue Moon ,OU,RiNo First Peach,MolsonCoors Beverage Company,Pareve,,,,,
Beer,Blue Moon ,OU,RiNo Grapefruit White IPA,MolsonCoors Beverage Company,Pareve,,,,,
Beer,Blue Moon ,OU,RiNo Helles,MolsonCoors Beverage Company,Pareve,,,,,
Beer,Blue Moon ,OU,RiNo Honey Moon Gran Cru,MolsonCoors Beverage Company,Pareve,,,,,
Beer,Blue Moon ,OU,RiNo Imperial Smoked Porter,MolsonCoors Beverage Company,Pareve,,,,,
Beer,Blue Moon ,OU,RiNo Kolsch,MolsonCoors Beverage Company,Pareve,,,,,
Beer,Blue Moon ,OU,RiNo Mango Wheat,MolsonCoors Beverage Company,Pareve,,,,,
Beer,Blue Moon ,OU,RiNo Marzen,MolsonCoors Beverage Company,Pareve,,,,,
Beer,Blue Moon ,OU,RiNo Mexican Chocolate,MolsonCoors Beverage Company,Pareve,,,,,
Beer,Blue Moon ,OU,RiNo Mexican Lager,MolsonCoors Beverage Company,Pareve,,,,,
Beer,Blue Moon ,OU,RiNo Pils,MolsonCoors Beverage Company,Pareve,,,,,
Beer,Blue Moon ,OU,RiNo Raspberry Cream,MolsonCoors Beverage Company,Pareve,,,,,
Beer,Blue Moon ,OU,RiNo Russian Imperial Stout,MolsonCoors Beverage Company,Pareve,,,,,
Beer,Blue Moon ,OU,RiNo Saison,MolsonCoors Beverage Company,Pareve,,,,,
Beer,Blue Moon ,OU,RiNo Single Hop Pale Ale,MolsonCoors Beverage Company,Pareve,,,,,
Beer,Blue Moon ,OU,RiNo Smoked Porter,MolsonCoors Beverage Company,Pareve,,,,,
Beer,Blue Moon ,OU,RiNo Summer Honey Wheat,MolsonCoors Beverage Company,Pareve,,,,,
Beer,Blue Moon ,OU,RiNo Table Pils,MolsonCoors Beverage Company,Pareve,,,,,
Beer,Blue Moon ,OU,RiNo Wee Heavy,MolsonCoors Beverage Company,Pareve,,,,,
Beer,Blue Moon ,OU,RiNo West Coast IPA,MolsonCoors Beverage Company,Pareve,,,,,
Beer,Blue Moon ,OU,RiNo White IPA,MolsonCoors Beverage Company,Pareve,,,,,
Beer,Brooklyn Crafted,OU,Mango Ginger Beer,BCGA Concept Corp.,Pareve,,,,,
Beer,Brooklyn Crafted,OU,Lemon & Lime Ginger Beer,BCGA Concept Corp.,Pareve,,,,,
Beer,Charro,OU,Charro Beer Pilsner,"Charro Brewing Company, S.A.P.I de CV",Pareve,,,,,
Beer,Charro,OU,Charro Beer Ambar,"Charro Brewing Company, S.A.P.I de CV",Pareve,,,,,
Beer,Colorado Native,OU,Amber Lager,MolsonCoors Beverage Company,Pareve,,,,,
Beer,Colorado Native,OU,Amber Lager 3.2,MolsonCoors Beverage Company,Pareve,,,,,
Beer,Colorado Native,OU,Apricot Sour,MolsonCoors Beverage Company,Pareve,,,,,
Beer,Colorado Native,OU,Double IPL,MolsonCoors Beverage Company,Pareve,,,,,
Beer,Colorado Native,OU,Golden Lager,MolsonCoors Beverage Company,Pareve,,,,,
Beer,Colorado Native,OU,Golden Lager 3.2,MolsonCoors Beverage Company,Pareve,,,,,
Beer,Colorado Native,OU,Imperial Porter,MolsonCoors Beverage Company,Pareve,,,,,
Beer,Colorado Native,OU,India Pale Lager,MolsonCoors Beverage Company,Pareve,,,,,
Beer,Colorado Native,OU,Kriek Noir Sour,MolsonCoors Beverage Company,Pareve,,,,,
Beer,Colorado Native,OU,Olathe,MolsonCoors Beverage Company,Pareve,,,,,
Beer,Colorado Native,OU,Peche Sour,MolsonCoors Beverage Company,Pareve,,,,,
Beer,Colorado Native,OU,Pilsner,MolsonCoors Beverage Company,Pareve,,,,,
Beer,Colorado Native,OU,Plum Sour,MolsonCoors Beverage Company,Pareve,,,,,
Beer,Colorado Native,OU,Saison,MolsonCoors Beverage Company,Pareve,,,,,
Beer,Colorado Native,OU,Winterfest,MolsonCoors Beverage Company,Pareve,,,,,
Beer,Colorado Native,OU,Barmen,MolsonCoors Beverage Company,Pareve,,,,,
Beer,Colorado Native,OU,HJ,MolsonCoors Beverage Company,Pareve,,,,,
Beer,Colorado Native,OU,Light,MolsonCoors Beverage Company,Pareve,,,,,
Beer,Colorado Native,OU,LoCAL,MolsonCoors Beverage Company,Pareve,,,,,
Beer,Colorado Native,OU,Kriek Sour,MolsonCoors Beverage Company,Pareve,,,,,
Beer,Colorado Native,OU,West Slope IPA,MolsonCoors Beverage Company,Pareve,,,,,
Beer,Colorado Native,OU,Sundown Cerveza,MolsonCoors Beverage Company,Pareve,,,,,
Beer,Colorado Native,OU,Wildflower Honey Helles,MolsonCoors Beverage Company,Pareve,,,,,
Beer,Colorado Native,OU,Stand Up Pilsner,MolsonCoors Beverage Company,Pareve,,,,,
Beer,Colorado Native,OU,The OG Amber,MolsonCoors Beverage Company,Pareve,,,,,
Beer,Colorado Native,OU,Twin Tunnel,MolsonCoors Beverage Company,Pareve,,,,,
Beer,Coors,OU,Banquet Beer,MolsonCoors Beverage Company,Pareve,,,,,
Beer,Coors,OU,Non-Alcoholic Beer,MolsonCoors Beverage Company,Pareve,,,,,
Beer,Coors,OU,Original Beer,MolsonCoors Beverage Company,Pareve,,,,,
Beer,Coors,OU,Light Beer,MolsonCoors Beverage Company,Pareve,,,,,
Beer,Coors,OU,Light Export Beer,MolsonCoors Beverage Company,Pareve,,,,,
Beer,Coors,OU,Light Export Beer-MCBC,MolsonCoors Beverage Company,Pareve,,,,,
Beer,Coors,OU,Extra Gold Beer,MolsonCoors Beverage Company,Pareve,,,,,
Beer,Coors,OU,Peak Copper Lager,MolsonCoors Beverage Company,Pareve,,,,,
Beer,Coors,OU,Light Citrus Radler,MolsonCoors Beverage Company,Pareve,,,,,
Beer,Coors Edge,OU,Beer,MolsonCoors Beverage Company,Pareve,,,,,
Beer,Coors Peak,OU,Berry - non Organic,MolsonCoors Beverage Company,Pareve,,,,,
Beer,Coors Peak,OU,Citrus - non Organic,MolsonCoors Beverage Company,Pareve,,,,,
Beer,Coors Peak,OU,Original - non Organic,MolsonCoors Beverage Company,Pareve,,,,,
Beer,Coors Pure,OU,Coors Pure Citrus,MolsonCoors Beverage Company,Pareve,,,,,
Beer,Coors Pure,OU,Coors Pure Organic,MolsonCoors Beverage Company,Pareve,,,,,
Beer,DeKuyper,OU,Root Beer 40°,Jim Beam Brands,Pareve,,,,,
Beer,Extra Gold,OU,Beer,MolsonCoors Beverage Company,Pareve,,,,,
Beer,Foster's,OU,Lager,MolsonCoors Beverage Company,Pareve,,,,,
Beer,Foster's,OU,Premium Ale,MolsonCoors Beverage Company,Pareve,,,,,
Beer,Foster's,OU,Foster's Lager,MolsonCoors Beverage Company,Pareve,,,,,
Beer,Foster's,OU,Foster's Premium,MolsonCoors Beverage Company,Pareve,,,,,
Beer,George Killian's,OU,Irish Red Lager,MolsonCoors Beverage Company,Pareve,,,,,
Beer,Goldstar,OU,Beer,Tempo Beverages Ltd.,Pareve,,,,,
Beer,Hamm's,OU,Beer,MolsonCoors Beverage Company,Pareve,,,,,
Beer,Hamm's,OU,Genuine Draft Beer,MolsonCoors Beverage Company,Pareve,,,,,
Beer,Hamm's,OU,Non-Alcoholic Beer,MolsonCoors Beverage Company,Pareve,,,,,
Beer,Hamm's,OU,3.2% Beer,MolsonCoors Beverage Company,Pareve,,,,,
Beer,Hamm's,OU,Special Light Beer,MolsonCoors Beverage Company,Pareve,,,,,
Beer,Henry's Hard Soda,OU,Hard Root Beer 3.2%,MolsonCoors Beverage Company,Pareve,,,,,
Beer,Henry's Hard Soda,OU,Hard Root Beer 4.2%,MolsonCoors Beverage Company,Pareve,,,,,
Beer,Herman Joseph's,OU,Private Reserve Beer,MolsonCoors Beverage Company,Pareve,,,,,
Beer,Icehouse,OU,Beer,MolsonCoors Beverage Company,Pareve,,,,,
Beer,Icehouse,OU,Light Beer,MolsonCoors Beverage Company,Pareve,,,,,
Beer,Icehouse,OU,Icehouse Edge,MolsonCoors Beverage Company,Pareve,,,,,
Beer,Keystone,OU,Beer,MolsonCoors Beverage Company,Pareve,,,,,
Beer,Keystone,OU,Ice Beer,MolsonCoors Beverage Company,Pareve,,,,,
Beer,Keystone,OU,Light Beer,MolsonCoors Beverage Company,Pareve,,,,,
Beer,Keystone,OU,Light Lime,MolsonCoors Beverage Company,Pareve,,,,,
Beer,Keystone,OU,Keylightful,MolsonCoors Beverage Company,Pareve,,,,,
Beer,Leinenkugel,OU,Original Beer,MolsonCoors Beverage Company,Pareve,,,,,
Beer,Leinenkugel,OU,BeerGarten Tart,MolsonCoors Beverage Company,Pareve,,,,,
Beer,Leinenkugel,OU,Berry Weiss Ale,MolsonCoors Beverage Company,Pareve,,,,,
Beer,Leinenkugel,OU,Red Lager,MolsonCoors Beverage Company,Pareve,,,,,
Beer,Leinenkugel,OU,Creamy Dark,MolsonCoors Beverage Company,Pareve,,,,,
Beer,Leinenkugel,OU,Classic Lager,MolsonCoors Beverage Company,Pareve,,,,,
Beer,Leinenkugel,OU,Sunset Wheat Ale,MolsonCoors Beverage Company,Pareve,,,,,
Beer,Leinenkugel,OU,Honey Weiss Ale,MolsonCoors Beverage Company,Pareve,,,,,
Beer,Leinenkugel,OU,Summer Shandy Ale,MolsonCoors Beverage Company,Pareve,,,,,
Beer,Leinenkugel,OU,Oktoberfest,MolsonCoors Beverage Company,Pareve,,,,,
Beer,Leinenkugel,OU,1888 Bock,MolsonCoors Beverage Company,Pareve,,,,,
Beer,Leinenkugel,OU,Classic Amber Ale,MolsonCoors Beverage Company,Pareve,,,,,
Beer,Leinenkugel,OU,Imperial Russian Stout,MolsonCoors Beverage Company,Pareve,,,,,
Beer,Leinenkugel,OU,Fireside Nut Brown Ale,MolsonCoors Beverage Company,Pareve,,,,,
Beer,Leinenkugel,OU,Snowdrift Vanilla Porter,MolsonCoors Beverage Company,Pareve,,,,,
Beer,Leinenkugel,OU,Canoe Paddler,MolsonCoors Beverage Company,Pareve,,,,,
Beer,Leinenkugel,OU,Orange Shandy,MolsonCoors Beverage Company,Pareve,,,,,
Beer,Leinenkugel,OU,Cranberry Ginger Shandy,MolsonCoors Beverage Company,Pareve,,,,,
Beer,Leinenkugel,OU,Harvest Patch Shandy,MolsonCoors Beverage Company,Pareve,,,,,
Beer,Leinenkugel,OU,Old Fashioned Shandy,MolsonCoors Beverage Company,Pareve,,,,,
Beer,Leinenkugel,OU,Winter's Bite Cocoa Spice Black Lager,MolsonCoors Beverage Company,Pareve,,,,,
Beer,Leinenkugel,OU,Ginger Shandy,MolsonCoors Beverage Company,Pareve,,,,,
Beer,Leinenkugel,OU,Grapefruit Shandy,MolsonCoors Beverage Company,Pareve,,,,,
Beer,Leinenkugel,OU,Big Butt Doppelbock,MolsonCoors Beverage Company,Pareve,,,,,
Beer,Leinenkugel,OU,Helles Yeah,MolsonCoors Beverage Company,Pareve,,,,,
Beer,Leinenkugel,OU,Cherry Blonde Lager,MolsonCoors Beverage Company,Pareve,,,,,
Beer,Leinenkugel,OU,Watermelon Shandy,MolsonCoors Beverage Company,Pareve,,,,,
Beer,Leinenkugel,OU,Pomegranate Shandy,MolsonCoors Beverage Company,Pareve,,,,,
Beer,Leinenkugel,OU,Northern Battle Brew,MolsonCoors Beverage Company,Pareve,,,,,
Beer,Leinenkugel,OU,Berry Shandy,MolsonCoors Beverage Company,Pareve,,,,,
Beer,Leinenkugel,OU,Berry Weiss,MolsonCoors Beverage Company,Pareve,,,,,
Beer,Leinenkugel,OU,Northwoods Lager,MolsonCoors Beverage Company,Pareve,,,,,
Beer,Leinenkugel,OU,Wisconsin Red Pale Ale,MolsonCoors Beverage Company,Pareve,,,,,
Beer,Leinenkugel,OU,Hefeweizen,MolsonCoors Beverage Company,Pareve,,,,,
Beer,Leinenkugel,OU,Juicy Peach,MolsonCoors Beverage Company,Pareve,,,,,
Beer,Leinenkugel,OU,Lakeside Cherry,MolsonCoors Beverage Company,Pareve,,,,,
Beer,Leinie's,OU,IPL Indiana Pale Lager,MolsonCoors Beverage Company,Pareve,,,,,
Beer,Lion Brewery,OU,Lionshead Light,"The Lion Brewery, Inc.",Pareve,,,,,
Beer,Lionshead,OU,Deluxe Pilsner Beer,"The Lion Brewery, Inc.",Pareve,,,,,
Beer,Lionshead,OU,I.P.A. India Pale Ale - 12 oz. Can,"The Lion Brewery, Inc.",Pareve,,,,,
Beer,Lionshead,OU,I.P.A. India Pale Ale - 16 oz. Can,"The Lion Brewery, Inc.",Pareve,,,,,
Beer,Lionshead,OU,Belgian White Ale - 12 oz. can,"The Lion Brewery, Inc.",Pareve,,,,,
Beer,Long Beach Beer Lab,OU,Sticky Whiskers (Cold IPA),Long Beach Beer Lab,Pareve,,,,,
Beer,Long Beach Beer Lab,OU,Weight of the World (IPA),Long Beach Beer Lab,Pareve,,,,,
Beer,Long Beach Beer Lab,OU,Drama Juice (Fruit Sour Ale),Long Beach Beer Lab,Pareve,,,,,
Beer,Long Beach Beer Lab,OU,Pretty Gose,Long Beach Beer Lab,Pareve,,,,,
Beer,Maccabee,OU,Beer,Tempo Beverages Ltd.,Pareve,,,,,
Beer,Magnum,OU,Malt Liquor,MolsonCoors Beverage Company,Pareve,,,,,
Beer,Malka,OU,Blonde Ale,Malka Beer,Pareve,,,,,
Beer,Malka,OU,Pale Ale,Malka Beer,Pareve,,,,,
Beer,Malka,OU,Stout,Malka Beer,Pareve,,,,,
Beer,Malka,OU,Hoppy Wheat,Malka Beer,Pareve,,,,,
Beer,Malka,OU,IPA,Malka Beer,Pareve,,,,,
Beer,Malt Star,OU,Beer,Tempo Beverages Ltd.,Pareve,,,,,
Beer,Mickey's,OU,Ice Malt Liquor,MolsonCoors Beverage Company,Pareve,,,,,
Beer,Mickey's,OU,Malt Liquor,MolsonCoors Beverage Company,Pareve,,,,,
Beer,Mickey's,OU,Fine Malt Liquor,MolsonCoors Beverage Company,Pareve,,,,,
Beer,Miller,OU,Genuine Draft Beer,MolsonCoors Beverage Company,Pareve,,,,,
Beer,Miller,OU,Genuine Draft Light Beer,MolsonCoors Beverage Company,Pareve,,,,,
Beer,Miller,OU,Lite Beer,MolsonCoors Beverage Company,Pareve,,,,,
Beer,Miller,OU,Lite Ice Beer,MolsonCoors Beverage Company,Pareve,,,,,
Beer,Miller,OU,Chill Beer,MolsonCoors Beverage Company,Pareve,,,,,
Beer,Miller,OU,High Life Beer,MolsonCoors Beverage Company,Pareve,,,,,
Beer,Miller,OU,64,MolsonCoors Beverage Company,Pareve,,,,,
Beer,Miller,OU,Fortune,MolsonCoors Beverage Company,Pareve,,,,,
Beer,Miller,OU,Ultra,MolsonCoors Beverage Company,Pareve,,,,,
Beer,Miller,OU,High Life Lite,MolsonCoors Beverage Company,Pareve,,,,,
Beer,MillerCoors (MC),OU,Light Beer,MolsonCoors Beverage Company,Pareve,,,,,
Beer,MillerCoors (MC),OU,Malt,MolsonCoors Beverage Company,Pareve,,,,,
Beer,Milwaukee's Best,OU,Beer,MolsonCoors Beverage Company,Pareve,,,,,
Beer,Milwaukee's Best,OU,Ice Beer,MolsonCoors Beverage Company,Pareve,,,,,
Beer,Milwaukee's Best,OU,Light Beer,MolsonCoors Beverage Company,Pareve,,,,,
Beer,Milwaukee's Best,OU,Milwaukee's Best Ice,MolsonCoors Beverage Company,Pareve,,,,,
Beer,MolsonCoors,OU,Bright Beer Seltzer M TOP#53400,MolsonCoors Beverage Company,Pareve,,,,,
Beer,Nesher,OU,Beer,Tempo Beverages Ltd.,Pareve,,,,,
Beer,Red Dog,OU,Beer,MolsonCoors Beverage Company,Pareve,,,,,
Beer,Redd's,OU,Apple Ale,MolsonCoors Beverage Company,Pareve,,,,,
Beer,Redd's,OU,Strawberry Ale,MolsonCoors Beverage Company,Pareve,,,,,
Beer,Redd's,OU,Apple Ale Iced Tea,MolsonCoors Beverage Company,Pareve,,,,,
Beer,Redd's,OU,Cranberry Ale,MolsonCoors Beverage Company,Pareve,,,,,
Beer,Redd's,OU,Green Apple Ale,MolsonCoors Beverage Company,Pareve,,,,,
Beer,Redd's,OU,Blueberry Ale,MolsonCoors Beverage Company,Pareve,,,,,
Beer,Redd's,OU,Ginger Apple Ale,MolsonCoors Beverage Company,Pareve,,,,,
Beer,Redd's,OU,Raspberry Ale,MolsonCoors Beverage Company,Pareve,,,,,
Beer,Redd's,OU,Black Cherry Ale,MolsonCoors Beverage Company,Pareve,,,,,
Beer,Redd's,OU,Peach Ale,MolsonCoors Beverage Company,Pareve,,,,,
Beer,Redd's,OU,Pineapple Ale,MolsonCoors Beverage Company,Pareve,,,,,
Beer,Saint Archer,OU,"Gold, Light Craft Lager",MolsonCoors Beverage Company,Pareve,,,,,
Beer,Saint Archer,OU,IPA,MolsonCoors Beverage Company,Pareve,,,,,
Beer,SandLot Brewery,OU,Brewmaster Special - Clueless Beer Writer,MolsonCoors Beverage Company,Pareve,,,,,
Beer,SandLot Brewery,OU,Barmen Pilsner,MolsonCoors Beverage Company,Pareve,,,,,
Beer,SandLot Brewery,OU,Brewmaster Special - Belly Slide,MolsonCoors Beverage Company,Pareve,,,,,
Beer,SandLot Brewery,OU,Brewmaster Special - Dicken's Winter Lager,MolsonCoors Beverage Company,Pareve,,,,,
Beer,SandLot Brewery,OU,Brewmaster Special - Elephant Dance,MolsonCoors Beverage Company,Pareve,,,,,
Beer,SandLot Brewery,OU,Brewmaster Special - Florhossen,MolsonCoors Beverage Company,Pareve,,,,,
Beer,SandLot Brewery,OU,Brewmaster Special - Freddy's Lager,MolsonCoors Beverage Company,Pareve,,,,,
Beer,SandLot Brewery,OU,Brewmaster Special - Goat Rancher,MolsonCoors Beverage Company,Pareve,,,,,
Beer,SandLot Brewery,OU,Brewmaster Special - Herman Brau,MolsonCoors Beverage Company,Pareve,,,,,
Beer,SandLot Brewery,OU,Brewmaster Special - Lunch on the Hill,MolsonCoors Beverage Company,Pareve,,,,,
Beer,SandLot Brewery,OU,Brewmaster Special - Move Back,MolsonCoors Beverage Company,Pareve,,,,,
Beer,SandLot Brewery,OU,Brewmaster Special - Naptime,MolsonCoors Beverage Company,Pareve,,,,,
Beer,SandLot Brewery,OU,Brewmaster Special - Pale Goat Rancher,MolsonCoors Beverage Company,Pareve,,,,,
Beer,SandLot Brewery,OU,Brewmaster Special - Pinch Hit Pilsner,MolsonCoors Beverage Company,Pareve,,,,,
Beer,SandLot Brewery,OU,Brewmaster Special - Rock Pile,MolsonCoors Beverage Company,Pareve,,,,,
Beer,SandLot Brewery,OU,Brewmaster Special - Rockies 25th Anniversary Lager,MolsonCoors Beverage Company,Pareve,,,,,
Beer,SandLot Brewery,OU,Brewmaster Special - SandLot Winterfest,MolsonCoors Beverage Company,Pareve,,,,,
Beer,SandLot Brewery,OU,Brewmaster Special - Schtolen Pils,MolsonCoors Beverage Company,Pareve,,,,,
Beer,SandLot Brewery,OU,Brewmaster Special - Second Hand Smoke,MolsonCoors Beverage Company,Pareve,,,,,
Beer,SandLot Brewery,OU,Brewmaster Special - Small's Pilsner,MolsonCoors Beverage Company,Pareve,,,,,
Beer,SandLot Brewery,OU,Brewmaster Special - Weiss,MolsonCoors Beverage Company,Pareve,,,,,
Beer,SandLot Brewery,OU,Brewmaster Special - Where the Helles Bill?,MolsonCoors Beverage Company,Pareve,,,,,
Beer,SandLot Brewery,OU,Brewmaster Special - Wicked Hop,MolsonCoors Beverage Company,Pareve,,,,,
Beer,SandLot Brewery,OU,Brewmaster Special - Wild Pitch Hefeweizen,MolsonCoors Beverage Company,Pareve,,,,,
Beer,SandLot Brewery,OU,Brewmaster Special - Yukon Gold Lager,MolsonCoors Beverage Company,Pareve,,,,,
Beer,SandLot Brewery,OU,Herman Joseph's Private Reserve,MolsonCoors Beverage Company,Pareve,,,,,
Beer,SandLot Brewery,OU,Right Field Red Ale,MolsonCoors Beverage Company,Pareve,,,,,
Beer,SandLot Brewery,OU,Blake Street Lager,MolsonCoors Beverage Company,Pareve,,,,,
Beer,SandLot Brewery,OU,Nightmare on Blake St.,MolsonCoors Beverage Company,Pareve,,,,,
Beer,SandLot Brewery,OU,Checkout Time,MolsonCoors Beverage Company,Pareve,,,,,
Beer,SandLot Brewery,OU,Fest Bier,MolsonCoors Beverage Company,Pareve,,,,,
Beer,SandLot Brewery,OU,Rain Delay Hazy IPA,MolsonCoors Beverage Company,Pareve,,,,,
Beer,SandLot Brewery,OU,Really Big Dinner Party,MolsonCoors Beverage Company,Pareve,,,,,
Beer,SandLot Brewery,OU,Sweet Dreams,MolsonCoors Beverage Company,Pareve,,,,,
Beer,SandLot Brewery,OU,Summer Session IPA,MolsonCoors Beverage Company,Pareve,,,,,
Beer,SandLot Brewery,OU,Left Field Lager,MolsonCoors Beverage Company,Pareve,,,,,
Beer,SandLot Brewery,OU,Power Alley ESB,MolsonCoors Beverage Company,Pareve,,,,,
Beer,SandLot Brewery,OU,Power Hitter,MolsonCoors Beverage Company,Pareve,,,,,
Beer,SandLot Brewery,OU,Sluggers Stout,MolsonCoors Beverage Company,Pareve,,,,,
Beer,SandLot Brewery,OU,Squeeze Play Wheat,MolsonCoors Beverage Company,Pareve,,,,,
Beer,Stegmaier,OU,Pumpkin Ale,"The Lion Brewery, Inc.",Pareve,,,,,
Beer,Third Shift,OU,Amber Lager,MolsonCoors Beverage Company,Pareve,,,,,
Beer,Toms River Brewing,OU,At Wits End,Tom's River Brewing,Pareve,,,,,
Beer,Toms River Brewing,OU,Blueberry Blonde Ale,Tom's River Brewing,Pareve,,,,,
Beer,Toms River Brewing,OU,Bock To Basics,Tom's River Brewing,Pareve,,,,,
Beer,Toms River Brewing,OU,Celtic Sunrise,Tom's River Brewing,Pareve,,,,,
Beer,Toms River Brewing,OU,Devotion To Duty Neipa,Tom's River Brewing,Pareve,,,,,
Beer,Toms River Brewing,OU,Dunkleweizen,Tom's River Brewing,Pareve,,,,,
Beer,Toms River Brewing,OU,Experiment 626,Tom's River Brewing,Pareve,,,,,
Beer,Toms River Brewing,OU,Fact Czech,Tom's River Brewing,Pareve,,,,,
Beer,Toms River Brewing,OU,Hibernian Dry Irish Stout,Tom's River Brewing,Pareve,,,,,
Beer,Toms River Brewing,OU,Irish Eyes,Tom's River Brewing,Pareve,,,,,
Beer,Toms River Brewing,OU,Kashmere,Tom's River Brewing,Pareve,,,,,
Beer,Toms River Brewing,OU,Märzen Das Denken,Tom's River Brewing,Pareve,,,,,
Beer,Toms River Brewing,OU,Munton's Trb Collab,Tom's River Brewing,Pareve,,,,,
Beer,Toms River Brewing,OU,New Beginnings,Tom's River Brewing,Pareve,,,,,
Beer,Toms River Brewing,OU,Sarah Says,Tom's River Brewing,Pareve,,,,,
Beer,Toms River Brewing,OU,"Shine On, You Prickly Diamond",Tom's River Brewing,Pareve,,,,,
Beer,Toms River Brewing,OU,Smoked Pumpkin Porter,Tom's River Brewing,Pareve,,,,,
Beer,Toms River Brewing,OU,St Johns Irish Red Ale,Tom's River Brewing,Pareve,,,,,
Beer,Toms River Brewing,OU,Stick Toss,Tom's River Brewing,Pareve,,,,,
Beer,Toms River Brewing,OU,Table Your Enthusiam,Tom's River Brewing,Pareve,,,,,
Beer,Toms River Brewing,OU,Takes Two To Mango,Tom's River Brewing,Pareve,,,,,
Beer,Toms River Brewing,OU,Tango-Romeo-Bravo,Tom's River Brewing,Pareve,,,,,
Beer,Toms River Brewing,OU,Blueberry Blonde Summer Ale,Tom's River Brewing,Pareve,,,,,
Beer,Toms River Brewing,OU,Boots on The Ground,Tom's River Brewing,Pareve,,,,,
Beer,Toms River Brewing,OU,Hoppin Jack Flash,Tom's River Brewing,Pareve,,,,,
Beer,Toms River Brewing,OU,Muntons hops,Tom's River Brewing,Pareve,,,,,
Beer,Two Hats,OU,Two Hats Lime,MolsonCoors Beverage Company,Pareve,,,,,
Beer,Two Hats,OU,Two Hats Pineapple,MolsonCoors Beverage Company,Pareve,,,,,
Beer,Uinta Brewing,OU,801 Small Batch Pilsner Beer,Uinta Brewing Company,Pareve,,,,,
Beer,Uinta Brewing,OU,Detour Double IPA Beer,Uinta Brewing Company,Pareve,,,,,
Beer,Uinta Brewing,OU,Contrail White Belgian Style Wheat Beer,Uinta Brewing Company,Pareve,,,,,
Beer,Uinta Brewing,OU,Hop Nosh Tangerine IPA Beer,Uinta Brewing Company,Pareve,,,,,
Beer,Uinta Brewing,OU,Hop Nosh Grapefruit IPA Beer,Uinta Brewing Company,Pareve,,,,,
Beer,Uinta Brewing,OU,Cutthroat Pale Ale,Uinta Brewing Company,Pareve,,,,,
Beer,Uinta Brewing,OU,King's Peak Porter,Uinta Brewing Company,Pareve,,,,,
Beer,Uinta Brewing,OU,Golden Spike Hefeweizen,Uinta Brewing Company,Pareve,,,,,
Beer,Uinta Brewing,OU,Trader Indian Pale Ale,Uinta Brewing Company,Pareve,,,,,
Beer,Uinta Brewing,OU,Gelande Amber Lager,Uinta Brewing Company,Pareve,,,,,
Beer,Uinta Brewing,OU,Anglers Pale Ale,Uinta Brewing Company,Pareve,,,,,
Beer,Uinta Brewing,OU,Anniversary Barley Wine,Uinta Brewing Company,Pareve,,,,,
Beer,Uinta Brewing,OU,Monkshine Belgian Style Ale,Uinta Brewing Company,Pareve,,,,,
Beer,Uinta Brewing,OU,Punk'n Harvest Ale,Uinta Brewing Company,Pareve,,,,,
Beer,Uinta Brewing,OU,Sum'r Organic Summer Ale,Uinta Brewing Company,Pareve,,,,,
Beer,Uinta Brewing,OU,Bristlecone Brown Ale,Uinta Brewing Company,Pareve,,,,,
Beer,Uinta Brewing,OU,Hyve Honey Stung Ale,Uinta Brewing Company,Pareve,,,,,
Beer,Uinta Brewing,OU,Wyld Organic Extra Pale Ale,Uinta Brewing Company,Pareve,,,,,
Beer,Uinta Brewing,OU,Dubhe Imperial Black IPA,Uinta Brewing Company,Pareve,,,,,
Beer,Uinta Brewing,OU,Hop Notch IPA,Uinta Brewing Company,Pareve,,,,,
Beer,Uinta Brewing,OU,Yard Sale Winter Lager,Uinta Brewing Company,Pareve,,,,,
Beer,Uinta Brewing,OU,HooDoo Kolsch Style Ale,Uinta Brewing Company,Pareve,,,,,
Beer,Uinta Brewing,OU,Baba Black Lager,Uinta Brewing Company,Pareve,,,,,
Beer,Uinta Brewing,OU,Uinta Pale Ale,Uinta Brewing Company,Pareve,,,,,
Beer,Uinta Brewing,OU,UInta Pilsner,Uinta Brewing Company,Pareve,,,,,
Beer,Uinta Brewing,OU,Piggy Back IPA,Uinta Brewing Company,Pareve,,,,,
Beer,Uinta Brewing,OU,Ready Set Gose,Uinta Brewing Company,Pareve,,,,,
Beer,Uinta Brewing,OU,Season Pass Vanilla Porter,Uinta Brewing Company,Pareve,,,,,
Beer,Uinta Brewing,OU,Rise & Pine Hoppy Dark Ale,Uinta Brewing Company,Pareve,,,,,
Beer,Uinta Brewing,OU,Brighton IPA,Uinta Brewing Company,Pareve,,,,,
Beer,Uinta Brewing,OU,Cutthroat Winter Pale Ale,Uinta Brewing Company,Pareve,,,,,
Beer,Uinta Brewing,OU,Lime Pilsner,Uinta Brewing Company,Pareve,,,,,
Beer,Uinta Brewing,OU,Park Golden,Uinta Brewing Company,Pareve,,,,,
Beer,Uinta Brewing,OU,West Coast-Style IPA,Uinta Brewing Company,Pareve,,,,,
Beer,Uinta Brewing,OU,Crisp Apple Ale,Uinta Brewing Company,Pareve,,,,,
Beer,Uinta Brewing,OU,Mango Lime Pilsner,Uinta Brewing Company,Pareve,,,,,
Beer,Winterfest,OU,Ale,MolsonCoors Beverage Company,Pareve,,,,,
Beer,Kinneret,OU-P,Muscat Alexanderia,Teperberg 1870,Pareve,,,,,
Beer,Concrete Beach,Star-K,Havana Lager,Boston Beer Company,,,,,,
Beer,Coney Island                                                                                        ,Star-K,1609 Amber Ale,Boston Beer Company,,,,,,
Beer,Coney Island                                                                                        ,Star-K,Beach Beer,Boston Beer Company,,,,,,
Beer,Coney Island                                                                                        ,Star-K,Freaktoberfest,Boston Beer Company,,,,,,
Beer,Coney Island                                                                                        ,Star-K,Honey Stout,Boston Beer Company,,,,,,
Beer,Coney Island                                                                                        ,Star-K,Lager,Boston Beer Company,,,,,,
Beer,Coney Island                                                                                        ,Star-K,Mermaid Pilsner,Boston Beer Company,,,,,,
Beer,Coney Island                                                                                        ,Star-K,MerMAN NY IPA,Boston Beer Company,,,,,,
Beer,Coney Island                                                                                        ,Star-K,Overpass IPA,Boston Beer Company,,,,,,
Beer,Coney Island                                                                                        ,Star-K,Plunge,Boston Beer Company,,,,,,
Beer,Coney Island                                                                                        ,Star-K,Watermelon Wheat,Boston Beer Company,,,,,,
Beer,Samuel Adams,Star-K,Adventure Lager,Boston Beer Company,,,,,,
Beer,Samuel Adams,Star-K,Alpine Lager,Boston Beer Company,,,,,,
Beer,Samuel Adams,Star-K,Alpine Spring,Boston Beer Company,,,,,,
Beer,Samuel Adams,Star-K,Amber Bock,Boston Beer Company,,,,,,
Beer,Samuel Adams,Star-K,American IPA,Boston Beer Company,,,,,,
Beer,Samuel Adams,Star-K,American Light,Boston Beer Company,,,,,,
Beer,Samuel Adams,Star-K,Bavarian Lager,Boston Beer Company,,,,,,
Beer,Samuel Adams,Star-K,Beach Session IPA,Boston Beer Company,,,,,,
Beer,Samuel Adams,Star-K,Black Lager,Boston Beer Company,,,,,,
Beer,Samuel Adams,Star-K,Boston Ale,Boston Beer Company,,,,,,
Beer,Samuel Adams,Star-K,Boston Lager,Boston Beer Company,,,,,,
Beer,Samuel Adams,Star-K,Breakaway Blonde,Boston Beer Company,,,,,,
Beer,Samuel Adams,Star-K,Brick Red,Boston Beer Company,,,,,,
Beer,Samuel Adams,Star-K,Cherry Wheat,Boston Beer Company,,,,,,
Beer,Samuel Adams,Star-K,Chocolate Bock,Boston Beer Company,,,,,,
Beer,Samuel Adams,Star-K,Coffee Pale Ale,Boston Beer Company,,,,,,
Beer,Samuel Adams,Star-K,Cold IPA,Boston Beer Company,,,,,,
Beer,Samuel Adams,Star-K,Cold Snap,Boston Beer Company,,,,,,
Beer,Samuel Adams,Star-K,Cream Stout,Boston Beer Company,,,,,,
Beer,Samuel Adams,Star-K,David's Pilsner,Boston Beer Company,,,,,,
Beer,Samuel Adams,Star-K,Double Bock,Boston Beer Company,,,,,,
Beer,Samuel Adams,Star-K,Dunkel Weizen,Boston Beer Company,,,,,,
Beer,Samuel Adams,Star-K,Epic Squeeze Berry,Boston Beer Company,,,,,,
Beer,Samuel Adams,Star-K,Epic Squeeze Citrus,Boston Beer Company,,,,,,
Beer,Samuel Adams,Star-K,Epic Squeeze Mango,Boston Beer Company,,,,,,
Beer,Samuel Adams,Star-K,Epic Squeeze Tropical,Boston Beer Company,,,,,,
Beer,Samuel Adams,Star-K,Escape Route,Boston Beer Company,,,,,,
Beer,Samuel Adams,Star-K,Festbier,Boston Beer Company,,,,,,
Beer,Samuel Adams,Star-K,Flannel Fest,Boston Beer Company,,,,,,
Beer,Samuel Adams,Star-K,Fresh As Helles,Boston Beer Company,,,,,,
Beer,Samuel Adams,Star-K,Golden Ale,Boston Beer Company,,,,,,
Beer,Samuel Adams,Star-K,Golden Goat,Boston Beer Company,,,,,,
Beer,Samuel Adams,Star-K,Golden Non-Alcoholic,Boston Beer Company,,,,,,
Beer,Samuel Adams,Star-K,Golden Pilsner,Boston Beer Company,,,,,,
Beer,Samuel Adams,Star-K,Harvest Pumpkin Ale,Boston Beer Company,,,,,,
Beer,Samuel Adams,Star-K,Holiday Porter,Boston Beer Company,,,,,,
Beer,Samuel Adams,Star-K,Holiday White Ale,Boston Beer Company,,,,,,
Beer,Samuel Adams,Star-K,Honey Porter,Boston Beer Company,,,,,,
Beer,Samuel Adams,Star-K,Honey Rye Pale Ale,Boston Beer Company,,,,,,
Beer,Samuel Adams,Star-K,Hoppy Lager,Boston Beer Company,,,,,,
Beer,Samuel Adams,Star-K,Irish Red Ale,Boston Beer Company,,,,,,
Beer,Samuel Adams,Star-K,Jack-O,Boston Beer Company,,,,,,
Beer,Samuel Adams,Star-K,Just The Haze,Boston Beer Company,,,,,,
Beer,Samuel Adams,Star-K,KellerBier,Boston Beer Company,,,,,,
Beer,Samuel Adams,Star-K,Love Conquers Ale,Boston Beer Company,,,,,,
Beer,Samuel Adams,Star-K,Noble Pils,Boston Beer Company,,,,,,
Beer,Samuel Adams,Star-K,Oak Vanilla Porter,Boston Beer Company,,,,,,
Beer,Samuel Adams,Star-K,Octoberfest,Boston Beer Company,,,,,,
Beer,Samuel Adams,Star-K,Old Fezziwig,Boston Beer Company,,,,,,
Beer,Samuel Adams,Star-K,Pale Ale,Boston Beer Company,,,,,,
Beer,Samuel Adams,Star-K,Porch Rocker,Boston Beer Company,,,,,,
Beer,Samuel Adams,Star-K,Post Season IPA,Boston Beer Company,,,,,,
Beer,Samuel Adams,Star-K,Red Lager,Boston Beer Company,,,,,,
Beer,Samuel Adams,Star-K,Reunion IPA,Boston Beer Company,,,,,,
Beer,Samuel Adams,Star-K,Scotch Ale,Boston Beer Company,,,,,,
Beer,Samuel Adams,Star-K,Session Ale,Boston Beer Company,,,,,,
Beer,Samuel Adams,Star-K,Summer Adventure Lager,Boston Beer Company,,,,,,
Beer,Samuel Adams,Star-K,Summer Ale,Boston Beer Company,,,,,,
Beer,Samuel Adams,Star-K,Take A Day IPA,Boston Beer Company,,,,,,
Beer,Samuel Adams,Star-K,Tropical Wheat,Boston Beer Company,,,,,,
Beer,Samuel Adams,Star-K,White Ale,Boston Beer Company,,,,,,
Beer,Samuel Adams,Star-K,White Christmas,Boston Beer Company,,,,,,
Beer,Samuel Adams,Star-K,Wicked Double,Boston Beer Company,,,,,,
Beer,Samuel Adams,Star-K,Wicked Easy,Boston Beer Company,,,,,,
Beer,Samuel Adams,Star-K,Wicked Fenway,Boston Beer Company,,,,,,
Beer,Samuel Adams,Star-K,Wicked Hazy,Boston Beer Company,,,,,,
Beer,Samuel Adams,Star-K,Wicked Tropical IPA,Boston Beer Company,,,,,,
Beer,Samuel Adams,Star-K,Winter Lager,Boston Beer Company,,,,,,
Beer,"Deschutes Brewery, Inc",Star-K,Black Butte Non-Alcoholic,"Deschutes Brewery, Inc",,,,,,
Beer,"Deschutes Brewery, Inc",Star-K,Black Butte Porter,"Deschutes Brewery, Inc",,,,,,
Beer,"Deschutes Brewery, Inc",Star-K,Chasin' Freshies,"Deschutes Brewery, Inc",,,,,,
Beer,"Deschutes Brewery, Inc",Star-K,Citrus Dive IPA,"Deschutes Brewery, Inc",,,,,,
Beer,"Deschutes Brewery, Inc",Star-K,Farmstand Fresh IPA,"Deschutes Brewery, Inc",,,,,,
Beer,"Deschutes Brewery, Inc",Star-K,Fresh Haze IPA,"Deschutes Brewery, Inc",,,,,,
Beer,"Deschutes Brewery, Inc",Star-K,Fresh Squeezed IPA,"Deschutes Brewery, Inc",,,,,,
Beer,"Deschutes Brewery, Inc",Star-K,Fresh Squeezed IPA Non-Alcoholic,"Deschutes Brewery, Inc",,,,,,
Beer,"Deschutes Brewery, Inc",Star-K,Grower Direct IPA,"Deschutes Brewery, Inc",,,,,,
Beer,"Deschutes Brewery, Inc",Star-K,Hazetron,"Deschutes Brewery, Inc",,,,,,
Beer,"Deschutes Brewery, Inc",Star-K,Jubelale,"Deschutes Brewery, Inc",,,,,,
Beer,"Deschutes Brewery, Inc",Star-K,King Crispy,"Deschutes Brewery, Inc",,,,,,
Beer,"Deschutes Brewery, Inc",Star-K,Mirror Pond Pale Ale,"Deschutes Brewery, Inc",,,,,,
Beer,"Deschutes Brewery, Inc",Star-K,Obsidian Stout,"Deschutes Brewery, Inc",,,,,,
Beer,"Deschutes Brewery, Inc",Star-K,Raspberry Black Butte Porter,"Deschutes Brewery, Inc",,,,,,
Beer,"Deschutes Brewery, Inc",Star-K,Red Chair,"Deschutes Brewery, Inc",,,,,,
Beer,"Deschutes Brewery, Inc",Star-K,Royal Fresh,"Deschutes Brewery, Inc",,,,,,
Beer,"Deschutes Brewery, Inc",Star-K,RPM,"Deschutes Brewery, Inc",,,,,,
Beer,"Deschutes Brewery, Inc",Star-K,Squeezy Rider,"Deschutes Brewery, Inc",,,,,,
Beer,"Deschutes Brewery, Inc",Star-K,Sunny Citra IPA,"Deschutes Brewery, Inc",,,,,,
Beer,"Deschutes Brewery, Inc",Star-K,Super Stoked Non-Alcoholic Golden Brew,"Deschutes Brewery, Inc",,,,,,
Beer,"Deschutes Brewery, Inc",Star-K,Symphonic Chronic,"Deschutes Brewery, Inc",,,,,,
Beer,"Deschutes Brewery, Inc",Star-K,Tropical Fresh IPA,"Deschutes Brewery, Inc",,,,,,
Beer,"Deschutes Brewery, Inc",Star-K,Twilight,"Deschutes Brewery, Inc",,,,,,
Beer,"Deschutes Brewery, Inc",Star-K,Wowza Lo-Cal Hazy Pale Ale,"Deschutes Brewery, Inc",,,,,,
Beer,Jailbreak Brewing Co.                                                                               ,Star-K,10 Years in One Day,Jailbreak Brewing Company,,,,,,
Beer,Jailbreak Brewing Co.                                                                               ,Star-K,19th Tea,Jailbreak Brewing Company,,,,,,
Beer,Jailbreak Brewing Co.                                                                               ,Star-K,20/20,Jailbreak Brewing Company,,,,,,
Beer,Jailbreak Brewing Co.                                                                               ,Star-K,All That Glitters Tripel,Jailbreak Brewing Company,,,,,,
Beer,Jailbreak Brewing Co.                                                                               ,Star-K,B. Limey Key Lime Pale Ale,Jailbreak Brewing Company,,,,,,
Beer,Jailbreak Brewing Co.                                                                               ,Star-K,Baltic Porter,Jailbreak Brewing Company,,,,,,
Beer,Jailbreak Brewing Co.                                                                               ,Star-K,Batch 074 IPA,Jailbreak Brewing Company,,,,,,
Beer,Jailbreak Brewing Co.                                                                               ,Star-K,Belgo-Bleek Pale Ale,Jailbreak Brewing Company,,,,,,
Beer,Jailbreak Brewing Co.                                                                               ,Star-K,Berry'd,Jailbreak Brewing Company,,,,,,
Beer,Jailbreak Brewing Co.                                                                               ,Star-K,Best Coast DIPA,Jailbreak Brewing Company,,,,,,
Beer,Jailbreak Brewing Co.                                                                               ,Star-K,Bia Sot,Jailbreak Brewing Company,,,,,,
Beer,Jailbreak Brewing Co.                                                                               ,Star-K,Big Punisher,Jailbreak Brewing Company,,,,,,
Beer,Jailbreak Brewing Co.                                                                               ,Star-K,Boats and Hose Caribbean Lager,Jailbreak Brewing Company,,,,,,
Beer,Jailbreak Brewing Co.                                                                               ,Star-K,Bruh Hymn,Jailbreak Brewing Company,,,,,,
Beer,Jailbreak Brewing Co.                                                                               ,Star-K,C.R.E.A.M.,Jailbreak Brewing Company,,,,,,
Beer,Jailbreak Brewing Co.                                                                               ,Star-K,Cafe In Brussels,Jailbreak Brewing Company,,,,,,
Beer,Jailbreak Brewing Co.                                                                               ,Star-K,Café Kavorka,Jailbreak Brewing Company,,,,,,
Beer,Jailbreak Brewing Co.                                                                               ,Star-K,CarnEVIL,Jailbreak Brewing Company,,,,,,
Beer,Jailbreak Brewing Co.                                                                               ,Star-K,Carrot Cake Conspiracy,Jailbreak Brewing Company,,,,,,
Beer,Jailbreak Brewing Co.                                                                               ,Star-K,Chairy,Jailbreak Brewing Company,,,,,,
Beer,Jailbreak Brewing Co.                                                                               ,Star-K,Christoph's Waltz,Jailbreak Brewing Company,,,,,,
Beer,Jailbreak Brewing Co.                                                                               ,Star-K,Citra Lady Friend,Jailbreak Brewing Company,,,,,,
Beer,Jailbreak Brewing Co.                                                                               ,Star-K,Clearly Righteous IPA,Jailbreak Brewing Company,,,,,,
Beer,Jailbreak Brewing Co.                                                                               ,Star-K,Crabtown Lager,Jailbreak Brewing Company,,,,,,
Beer,Jailbreak Brewing Co.                                                                               ,Star-K,Cream Cycle,Jailbreak Brewing Company,,,,,,
Beer,Jailbreak Brewing Co.                                                                               ,Star-K,Cucumber Saison,Jailbreak Brewing Company,,,,,,
Beer,Jailbreak Brewing Co.                                                                               ,Star-K,Czech Amber Lager,Jailbreak Brewing Company,,,,,,
Beer,Jailbreak Brewing Co.                                                                               ,Star-K,Czech Golden Lager,Jailbreak Brewing Company,,,,,,
Beer,Jailbreak Brewing Co.                                                                               ,Star-K,Czech the Technique,Jailbreak Brewing Company,,,,,,
Beer,Jailbreak Brewing Co.                                                                               ,Star-K,Darkly Righteous Black IPA,Jailbreak Brewing Company,,,,,,
Beer,Jailbreak Brewing Co.                                                                               ,Star-K,Desserted - Chocolate Coconut Porter,Jailbreak Brewing Company,,,,,,
Beer,Jailbreak Brewing Co.                                                                               ,Star-K,Dew Right,Jailbreak Brewing Company,,,,,,
Beer,Jailbreak Brewing Co.                                                                               ,Star-K,Doppelbock,Jailbreak Brewing Company,,,,,,
Beer,Jailbreak Brewing Co.                                                                               ,Star-K,Dusk Till Dawn - Espresso Imperial Stout,Jailbreak Brewing Company,,,,,,
Beer,Jailbreak Brewing Co.                                                                               ,Star-K,Easy Ryeder Rye Ale,Jailbreak Brewing Company,,,,,,
Beer,Jailbreak Brewing Co.                                                                               ,Star-K,English Brown Ale,Jailbreak Brewing Company,,,,,,
Beer,Jailbreak Brewing Co.                                                                               ,Star-K,Ephemeral,Jailbreak Brewing Company,,,,,,
Beer,Jailbreak Brewing Co.                                                                               ,Star-K,FedHead,Jailbreak Brewing Company,,,,,,
Beer,Jailbreak Brewing Co.                                                                               ,Star-K,Feed the Monkey,Jailbreak Brewing Company,,,,,,
Beer,Jailbreak Brewing Co.                                                                               ,Star-K,Fickle Love,Jailbreak Brewing Company,,,,,,
Beer,Jailbreak Brewing Co.                                                                               ,Star-K,Flavor of f the Month,Jailbreak Brewing Company,,,,,,
Beer,Jailbreak Brewing Co.                                                                               ,Star-K,Forbidden,Jailbreak Brewing Company,,,,,,
Beer,Jailbreak Brewing Co.                                                                               ,Star-K,Funk Sway,Jailbreak Brewing Company,,,,,,
Beer,Jailbreak Brewing Co.                                                                               ,Star-K,Garde de Faith,Jailbreak Brewing Company,,,,,,
Beer,Jailbreak Brewing Co.                                                                               ,Star-K,Gnarles Barley,Jailbreak Brewing Company,,,,,,
Beer,Jailbreak Brewing Co.                                                                               ,Star-K,Goldie Hon,Jailbreak Brewing Company,,,,,,
Beer,Jailbreak Brewing Co.                                                                               ,Star-K,Goldie Hon,Jailbreak Brewing Company,,,,,,
Beer,Jailbreak Brewing Co.                                                                               ,Star-K,Grumpy Old Men Amber Lager,Jailbreak Brewing Company,,,,,,
Beer,Jailbreak Brewing Co.                                                                               ,Star-K,Helles Lager,Jailbreak Brewing Company,,,,,,
Beer,Jailbreak Brewing Co.                                                                               ,Star-K,Hey Porter,Jailbreak Brewing Company,,,,,,
Beer,Jailbreak Brewing Co.                                                                               ,Star-K,Hey Porter,Jailbreak Brewing Company,,,,,,
Beer,Jailbreak Brewing Co.                                                                               ,Star-K,Imperial Welcome to Scoville,Jailbreak Brewing Company,,,,,,
Beer,Jailbreak Brewing Co.                                                                               ,Star-K,Into the Dark,Jailbreak Brewing Company,,,,,,
Beer,Jailbreak Brewing Co.                                                                               ,Star-K,It’s a Hazy IPA,Jailbreak Brewing Company,,,,,,
Beer,Jailbreak Brewing Co.                                                                               ,Star-K,It’s Christmas Dammit,Jailbreak Brewing Company,,,,,,
Beer,Jailbreak Brewing Co.                                                                               ,Star-K,Italian Pilsner,Jailbreak Brewing Company,,,,,,
Beer,Jailbreak Brewing Co.                                                                               ,Star-K,Kavorka,Jailbreak Brewing Company,,,,,,
Beer,Jailbreak Brewing Co.                                                                               ,Star-K,Lack of Clarity,Jailbreak Brewing Company,,,,,,
Beer,Jailbreak Brewing Co.                                                                               ,Star-K,Laurel Hearty,Jailbreak Brewing Company,,,,,,
Beer,Jailbreak Brewing Co.                                                                               ,Star-K,Lemon Drop¹d²,Jailbreak Brewing Company,,,,,,
Beer,Jailbreak Brewing Co.                                                                               ,Star-K,Lesser Jesus Pale ale,Jailbreak Brewing Company,,,,,,
Beer,Jailbreak Brewing Co.                                                                               ,Star-K,Live Free Ukrainian Imperial Stout,Jailbreak Brewing Company,,,,,,
Beer,Jailbreak Brewing Co.                                                                               ,Star-K,Made Wit Basil,Jailbreak Brewing Company,,,,,,
Beer,Jailbreak Brewing Co.                                                                               ,Star-K,Maibock,Jailbreak Brewing Company,,,,,,
Beer,Jailbreak Brewing Co.                                                                               ,Star-K,Mango Hazy,Jailbreak Brewing Company,,,,,,
Beer,Jailbreak Brewing Co.                                                                               ,Star-K,Munich Dunkel Lager,Jailbreak Brewing Company,,,,,,
Beer,Jailbreak Brewing Co.                                                                               ,Star-K,Muscles from Brussels,Jailbreak Brewing Company,,,,,,
Beer,Jailbreak Brewing Co.                                                                               ,Star-K,My Ruca,Jailbreak Brewing Company,,,,,,
Beer,Jailbreak Brewing Co.                                                                               ,Star-K,New England IPA,Jailbreak Brewing Company,,,,,,
Beer,Jailbreak Brewing Co.                                                                               ,Star-K,Oktoberfest,Jailbreak Brewing Company,,,,,,
Beer,Jailbreak Brewing Co.                                                                               ,Star-K,Original Golden,Jailbreak Brewing Company,,,,,,
Beer,Jailbreak Brewing Co.                                                                               ,Star-K,Over the Line,Jailbreak Brewing Company,,,,,,
Beer,Jailbreak Brewing Co.                                                                               ,Star-K,Poor Righteous,Jailbreak Brewing Company,,,,,,
Beer,Jailbreak Brewing Co.                                                                               ,Star-K,Poor Righteous IPA,Jailbreak Brewing Company,,,,,,
Beer,Jailbreak Brewing Co.                                                                               ,Star-K,Real Big IPA,Jailbreak Brewing Company,,,,,,
Beer,Jailbreak Brewing Co.                                                                               ,Star-K,Redaction,Jailbreak Brewing Company,,,,,,
Beer,Jailbreak Brewing Co.                                                                               ,Star-K,Ryemin & Stealin,Jailbreak Brewing Company,,,,,,
Beer,Jailbreak Brewing Co.                                                                               ,Star-K,Sister Roberta,Jailbreak Brewing Company,,,,,,
Beer,Jailbreak Brewing Co.                                                                               ,Star-K,Sled Head,Jailbreak Brewing Company,,,,,,
Beer,Jailbreak Brewing Co.                                                                               ,Star-K,Slow and Low,Jailbreak Brewing Company,,,,,,
Beer,Jailbreak Brewing Co.                                                                               ,Star-K,Smoke on the Port,Jailbreak Brewing Company,,,,,,
Beer,Jailbreak Brewing Co.                                                                               ,Star-K,Smoke on the Waterfront,Jailbreak Brewing Company,,,,,,
Beer,Jailbreak Brewing Co.                                                                               ,Star-K,Smoked Porter,Jailbreak Brewing Company,,,,,,
Beer,Jailbreak Brewing Co.                                                                               ,Star-K,Smokehouse 54 Amber Ale,Jailbreak Brewing Company,,,,,,
Beer,Jailbreak Brewing Co.                                                                               ,Star-K,So Much for a Dry Summer,Jailbreak Brewing Company,,,,,,
Beer,Jailbreak Brewing Co.                                                                               ,Star-K,Southern Cross,Jailbreak Brewing Company,,,,,,
Beer,Jailbreak Brewing Co.                                                                               ,Star-K,Special lady Friend,Jailbreak Brewing Company,,,,,,
Beer,Jailbreak Brewing Co.                                                                               ,Star-K,Summer Citrus,Jailbreak Brewing Company,,,,,,
Beer,Jailbreak Brewing Co.                                                                               ,Star-K,Tamarind Oud Bruin,Jailbreak Brewing Company,,,,,,
Beer,Jailbreak Brewing Co.                                                                               ,Star-K,The Infinite,Jailbreak Brewing Company,,,,,,
Beer,Jailbreak Brewing Co.                                                                               ,Star-K,This is 50,Jailbreak Brewing Company,,,,,,
Beer,Jailbreak Brewing Co.                                                                               ,Star-K,This is for the G's,Jailbreak Brewing Company,,,,,,
Beer,Jailbreak Brewing Co.                                                                               ,Star-K,Too Tall and Half Naked,Jailbreak Brewing Company,,,,,,
Beer,Jailbreak Brewing Co.                                                                               ,Star-K,Van Dammit,Jailbreak Brewing Company,,,,,,
Beer,Jailbreak Brewing Co.                                                                               ,Star-K,Welcome to Scoville,Jailbreak Brewing Company,,,,,,
Beer,Jailbreak Brewing Co.                                                                               ,Star-K,White Russian - Coffee Cream Ale,Jailbreak Brewing Company,,,,,,
Beer,Lakefront                                                                                           ,Star-K,Barrel Aged Doppelbock,"Lakefront Brewery, Inc.",,,,,,
Beer,Lakefront                                                                                           ,Star-K,Barrel-Aged Breakfast Oatmeal Stout,"Lakefront Brewery, Inc.",,,,,,
Beer,Lakefront                                                                                           ,Star-K,Barrel-Aged Honey Bock,"Lakefront Brewery, Inc.",,,,,,
Beer,Lakefront                                                                                           ,Star-K,Barrel-Aged Wheatwine,"Lakefront Brewery, Inc.",,,,,,
Beer,Lakefront                                                                                           ,Star-K,Beerline Barleywine,"Lakefront Brewery, Inc.",,,,,,
Beer,Lakefront                                                                                           ,Star-K,Bierzeit Kolsch-Style Ale,"Lakefront Brewery, Inc.",,,,,,
Beer,Lakefront                                                                                           ,Star-K,Black Forest Nitro Stout,"Lakefront Brewery, Inc.",,,,,,
Beer,Lakefront                                                                                           ,Star-K,Black Friday,"Lakefront Brewery, Inc.",,,,,,
Beer,Lakefront                                                                                           ,Star-K,Black Friday 5 Year,"Lakefront Brewery, Inc.",,,,,,
Beer,Lakefront                                                                                           ,Star-K,Black Friday Christmas Cookie,"Lakefront Brewery, Inc.",,,,,,
Beer,Lakefront                                                                                           ,Star-K,Black Friday Triple IPA,"Lakefront Brewery, Inc.",,,,,,
Beer,Lakefront                                                                                           ,Star-K,Blackbird BIPA,"Lakefront Brewery, Inc.",,,,,,
Beer,Lakefront                                                                                           ,Star-K,Brewer's Reserve Tropical Ale,"Lakefront Brewery, Inc.",,,,,,
Beer,Lakefront                                                                                           ,Star-K,Brewsicle Peach Mango Wheat Ale,"Lakefront Brewery, Inc.",,,,,,
Beer,Lakefront                                                                                           ,Star-K,Cherry Hard Seltzer,"Lakefront Brewery, Inc.",,,,,,
Beer,Lakefront                                                                                           ,Star-K,Cherry Lager,"Lakefront Brewery, Inc.",,,,,,
Beer,Lakefront                                                                                           ,Star-K,Chilly Rabbit Cold IPA,"Lakefront Brewery, Inc.",,,,,,
Beer,Lakefront                                                                                           ,Star-K,Cream City Pale Ale,"Lakefront Brewery, Inc.",,,,,,
Beer,Lakefront                                                                                           ,Star-K,Cream City Redux,"Lakefront Brewery, Inc.",,,,,,
Beer,Lakefront                                                                                           ,Star-K,Dive Beer,"Lakefront Brewery, Inc.",,,,,,
Beer,Lakefront                                                                                           ,Star-K,East Side Dark Lager,"Lakefront Brewery, Inc.",,,,,,
Beer,Lakefront                                                                                           ,Star-K,Fixed Gear American Red Ale,"Lakefront Brewery, Inc.",,,,,,
Beer,Lakefront                                                                                           ,Star-K,Hazy Rabbit IPA,"Lakefront Brewery, Inc.",,,,,,
Beer,Lakefront                                                                                           ,Star-K,Hop Gods Double Dry Hop Imperial IPA,"Lakefront Brewery, Inc.",,,,,,
Beer,Lakefront                                                                                           ,Star-K,IBA (India Black Ale),"Lakefront Brewery, Inc.",,,,,,
Beer,Lakefront                                                                                           ,Star-K,IPA India Pale Ale,"Lakefront Brewery, Inc.",,,,,,
Beer,Lakefront                                                                                           ,Star-K,La Gosa Rita,"Lakefront Brewery, Inc.",,,,,,
Beer,Lakefront                                                                                           ,Star-K,Lakefront Lager,"Lakefront Brewery, Inc.",,,,,,
Beer,Lakefront                                                                                           ,Star-K,Lakefront Pils,"Lakefront Brewery, Inc.",,,,,,
Beer,Lakefront                                                                                           ,Star-K,Maibock,"Lakefront Brewery, Inc.",,,,,,
Beer,Lakefront                                                                                           ,Star-K,M'Waukee Brewsicle,"Lakefront Brewery, Inc.",,,,,,
Beer,Lakefront                                                                                           ,Star-K,My Turn Series,"Lakefront Brewery, Inc.",,,,,,
Beer,Lakefront                                                                                           ,Star-K,My Turn: Allison,"Lakefront Brewery, Inc.",,,,,,
Beer,Lakefront                                                                                           ,Star-K,My Turn: Chopper,"Lakefront Brewery, Inc.",,,,,,
Beer,Lakefront                                                                                           ,Star-K,My Turn: Doyle,"Lakefront Brewery, Inc.",,,,,,
Beer,Lakefront                                                                                           ,Star-K,My Turn: Hopgood,"Lakefront Brewery, Inc.",,,,,,
Beer,Lakefront                                                                                           ,Star-K,My Turn: Huber,"Lakefront Brewery, Inc.",,,,,,
Beer,Lakefront                                                                                           ,Star-K,My Turn: Moses,"Lakefront Brewery, Inc.",,,,,,
Beer,Lakefront                                                                                           ,Star-K,My Turn: Nolan,"Lakefront Brewery, Inc.",,,,,,
Beer,Lakefront                                                                                           ,Star-K,My Turn: Rob,"Lakefront Brewery, Inc.",,,,,,
Beer,Lakefront                                                                                           ,Star-K,My Turn: Samm,"Lakefront Brewery, Inc.",,,,,,
Beer,Lakefront                                                                                           ,Star-K,My Turn: Ted,"Lakefront Brewery, Inc.",,,,,,
Beer,Lakefront                                                                                           ,Star-K,My Turn: Towny,"Lakefront Brewery, Inc.",,,,,,
Beer,Lakefront                                                                                           ,Star-K,My Turn: Tyler,"Lakefront Brewery, Inc.",,,,,,
Beer,Lakefront                                                                                           ,Star-K,My Turn: Yovani,"Lakefront Brewery, Inc.",,,,,,
Beer,Lakefront                                                                                           ,Star-K,New Grist Beer,"Lakefront Brewery, Inc.",,,,,,
Beer,Lakefront                                                                                           ,Star-K,New Grist Ginger Style Ale,"Lakefront Brewery, Inc.",,,,,,
Beer,Lakefront                                                                                           ,Star-K,New Grist IPA,"Lakefront Brewery, Inc.",,,,,,
Beer,Lakefront                                                                                           ,Star-K,Nitro Cherry Kringle,"Lakefront Brewery, Inc.",,,,,,
Beer,Lakefront                                                                                           ,Star-K,Nitro Honey Nut Beerios,"Lakefront Brewery, Inc.",,,,,,
Beer,Lakefront                                                                                           ,Star-K,Nitro Orange Creamsicle,"Lakefront Brewery, Inc.",,,,,,
Beer,Lakefront                                                                                           ,Star-K,Nitro Peanut Butter Porter,"Lakefront Brewery, Inc.",,,,,,
Beer,Lakefront                                                                                           ,Star-K,Nitro Peppermint Bark Stout,"Lakefront Brewery, Inc.",,,,,,
Beer,Lakefront                                                                                           ,Star-K,Nitro Pumpkin Pie Amber Ale,"Lakefront Brewery, Inc.",,,,,,
Beer,Lakefront                                                                                           ,Star-K,Oktoberfest,"Lakefront Brewery, Inc.",,,,,,
Beer,Lakefront                                                                                           ,Star-K,Organic Barleywine,"Lakefront Brewery, Inc.",,,,,,
Beer,Lakefront                                                                                           ,Star-K,Organika Organic White Ale,"Lakefront Brewery, Inc.",,,,,,
Beer,Lakefront                                                                                           ,Star-K,P.O.G. Seltzer,"Lakefront Brewery, Inc.",,,,,,
Beer,Lakefront                                                                                           ,Star-K,Pumpkin Lager,"Lakefront Brewery, Inc.",,,,,,
Beer,Lakefront                                                                                           ,Star-K,Queen Bean,"Lakefront Brewery, Inc.",,,,,,
Beer,Lakefront                                                                                           ,Star-K,Raspberry Lime Seltzer,"Lakefront Brewery, Inc.",,,,,,
Beer,Lakefront                                                                                           ,Star-K,Rendezvous Ale,"Lakefront Brewery, Inc.",,,,,,
Beer,Lakefront                                                                                           ,Star-K,Rice Seltzer,"Lakefront Brewery, Inc.",,,,,,
Beer,Lakefront                                                                                           ,Star-K,Riverwest Stein,"Lakefront Brewery, Inc.",,,,,,
Beer,Lakefront                                                                                           ,Star-K,Royal Rabbit Imperial IPA,"Lakefront Brewery, Inc.",,,,,,
Beer,Lakefront                                                                                           ,Star-K,Snake Chaser Stout,"Lakefront Brewery, Inc.",,,,,,
Beer,Lakefront                                                                                           ,Star-K,Warm Front Tropical India Pale Ale,"Lakefront Brewery, Inc.",,,,,,
Beer,Lakefront                                                                                           ,Star-K,Warmfront,"Lakefront Brewery, Inc.",,,,,,
Beer,Lakefront                                                                                           ,Star-K,Wheat Blonde Ale,"Lakefront Brewery, Inc.",,,,,,
Beer,Lakefront                                                                                           ,Star-K,Wisconsinite,"Lakefront Brewery, Inc.",,,,,,
